{"cameraMode":{"drawMode":0,"name":"Shaded","section":"Shading Mode"},"sceneLighting":true,"audioPlay":false,"sceneViewState":{"m_AlwaysRefresh":false,"showFog":true,"showSkybox":true,"showFlares":true,"showImageEffects":true,"showParticleSystems":true,"showVisualEffectGraphs":true,"m_FxEnabled":true},"in2DMode":false,"pivot":{"x":51.355224609375,"y":2.8180999755859377,"z":20.201305389404298},"rotation":{"x":0.7005814909934998,"y":-0.013911238871514798,"z":0.013663061894476414,"w":0.7133066058158875},"size":71.59320068359375,"orthographic":false}