Using pre-set license
Built from '2021.3/staging' branch; Version is '2021.3.30f1 (b4360d7cdac4) revision 11810317'; Using compiler version '192829333'; Build Type 'Release'
OS: 'Windows 11  (10.0.22631) 64bit Professional' Language: 'en' Physical Memory: 15591 MB
BatchMode: 1, IsHumanControllingUs: 0, StartBugReporterOnCrash: 0, Is64bit: 1, IsPro: 1

COMMAND LINE ARGUMENTS:
C:\Program Files\Unity\Hub\Editor\2021.3.30f1\Editor\Unity.exe
-adb2
-batchMode
-noUpm
-name
AssetImportWorker2
-projectPath
C:/Unity/CS NEA/CS-NEA/NEA Planning
-logFile
Logs/AssetImportWorker2.log
-srvPort
62730
Successfully changed project path to: C:/Unity/CS NEA/CS-NEA/NEA Planning
C:/Unity/CS NEA/CS-NEA/NEA Planning
[UnityMemory] Configuration Parameters - Can be set up in boot.config
    "memorysetup-bucket-allocator-granularity=16"
    "memorysetup-bucket-allocator-bucket-count=8"
    "memorysetup-bucket-allocator-block-size=33554432"
    "memorysetup-bucket-allocator-block-count=8"
    "memorysetup-main-allocator-block-size=16777216"
    "memorysetup-thread-allocator-block-size=16777216"
    "memorysetup-gfx-main-allocator-block-size=16777216"
    "memorysetup-gfx-thread-allocator-block-size=16777216"
    "memorysetup-cache-allocator-block-size=4194304"
    "memorysetup-typetree-allocator-block-size=2097152"
    "memorysetup-profiler-bucket-allocator-granularity=16"
    "memorysetup-profiler-bucket-allocator-bucket-count=8"
    "memorysetup-profiler-bucket-allocator-block-size=33554432"
    "memorysetup-profiler-bucket-allocator-block-count=8"
    "memorysetup-profiler-allocator-block-size=16777216"
    "memorysetup-profiler-editor-allocator-block-size=1048576"
    "memorysetup-temp-allocator-size-main=16777216"
    "memorysetup-job-temp-allocator-block-size=2097152"
    "memorysetup-job-temp-allocator-block-size-background=1048576"
    "memorysetup-job-temp-allocator-reduction-small-platforms=262144"
    "memorysetup-temp-allocator-size-background-worker=32768"
    "memorysetup-temp-allocator-size-job-worker=262144"
    "memorysetup-temp-allocator-size-preload-manager=33554432"
    "memorysetup-temp-allocator-size-nav-mesh-worker=65536"
    "memorysetup-temp-allocator-size-audio-worker=65536"
    "memorysetup-temp-allocator-size-cloud-worker=32768"
    "memorysetup-temp-allocator-size-gi-baking-worker=262144"
    "memorysetup-temp-allocator-size-gfx=262144"
Player connection [16340] Host "[IP] 10.240.0.84 [Port] 0 [Flags] 2 [Guid] 620907267 [EditorId] 620907267 [Version] 1048832 [Id] WindowsEditor(7,De_Capo_Laptop) [Debug] 1 [PackageName] WindowsEditor [ProjectName] Editor" joined multi-casting on [225.0.0.222:54997]...

Player connection [16340] Host "[IP] 10.240.0.84 [Port] 0 [Flags] 2 [Guid] 620907267 [EditorId] 620907267 [Version] 1048832 [Id] WindowsEditor(7,De_Capo_Laptop) [Debug] 1 [PackageName] WindowsEditor [ProjectName] Editor" joined alternative multi-casting on [225.0.0.222:34997]...

[Physics::Module] Initialized MultithreadedJobDispatcher with {0} workers.
Refreshing native plugins compatible for Editor in 142.98 ms, found 3 plugins.
Preloading 0 native plugins for Editor in 0.00 ms.
Initialize engine version: 2021.3.30f1 (b4360d7cdac4)
[Subsystems] Discovering subsystems at path C:/Program Files/Unity/Hub/Editor/2021.3.30f1/Editor/Data/Resources/UnitySubsystems
[Subsystems] Discovering subsystems at path C:/Unity/CS NEA/CS-NEA/NEA Planning/Assets
GfxDevice: creating device client; threaded=0; jobified=0
Direct3D:
    Version:  Direct3D 11.0 [level 11.1]
    Renderer: AMD Radeon(TM) Graphics (ID=0x1636)
    Vendor:   ATI
    VRAM:     7795 MB
    Driver:   31.0.21912.14
Initialize mono
Mono path[0] = 'C:/Program Files/Unity/Hub/Editor/2021.3.30f1/Editor/Data/Managed'
Mono path[1] = 'C:/Program Files/Unity/Hub/Editor/2021.3.30f1/Editor/Data/MonoBleedingEdge/lib/mono/unityjit-win32'
Mono config path = 'C:/Program Files/Unity/Hub/Editor/2021.3.30f1/Editor/Data/MonoBleedingEdge/etc'
Using monoOptions --debugger-agent=transport=dt_socket,embedding=1,server=y,suspend=n,address=127.0.0.1:56944
Begin MonoManager ReloadAssembly
Registering precompiled unity dll's ...
Register platform support module: C:/Program Files/Unity/Hub/Editor/2021.3.30f1/Editor/Data/PlaybackEngines/WindowsStandaloneSupport/UnityEditor.WindowsStandalone.Extensions.dll
Registered in 0.006670 seconds.
Native extension for WindowsStandalone target not found
Refreshing native plugins compatible for Editor in 120.90 ms, found 3 plugins.
Preloading 0 native plugins for Editor in 0.00 ms.
Mono: successfully reloaded assembly
- Completed reload, in  1.116 seconds
Domain Reload Profiling:
	ReloadAssembly (1117ms)
		BeginReloadAssembly (164ms)
			ExecutionOrderSort (0ms)
			DisableScriptedObjects (0ms)
			BackupInstance (0ms)
			ReleaseScriptingObjects (0ms)
			CreateAndSetChildDomain (1ms)
		EndReloadAssembly (786ms)
			LoadAssemblies (161ms)
			RebuildTransferFunctionScriptingTraits (0ms)
			SetupTypeCache (184ms)
			ReleaseScriptCaches (0ms)
			RebuildScriptCaches (56ms)
			SetupLoadedEditorAssemblies (472ms)
				LogAssemblyErrors (0ms)
				InitializePlatformSupportModulesInManaged (14ms)
				SetLoadedEditorAssemblies (0ms)
				RefreshPlugins (121ms)
				BeforeProcessingInitializeOnLoad (2ms)
				ProcessInitializeOnLoadAttributes (251ms)
				ProcessInitializeOnLoadMethodAttributes (84ms)
				AfterProcessingInitializeOnLoad (0ms)
				EditorAssembliesLoaded (0ms)
			ExecutionOrderSort2 (0ms)
			AwakeInstancesAfterBackupRestoration (0ms)
Platform modules already initialized, skipping
Registering precompiled user dll's ...
Registered in 0.006715 seconds.
Begin MonoManager ReloadAssembly
Native extension for WindowsStandalone target not found
Refreshing native plugins compatible for Editor in 1.06 ms, found 3 plugins.
Preloading 0 native plugins for Editor in 0.00 ms.
Package Manager log level set to [2]
[Package Manager] Server::EnsureServerProcessIsRunning -- launch failed, reason: Unity was launched with the -noUpm command-line argument
[Package Manager] Cannot connect to Unity Package Manager local server
Mono: successfully reloaded assembly
- Completed reload, in  2.292 seconds
Domain Reload Profiling:
	ReloadAssembly (2293ms)
		BeginReloadAssembly (252ms)
			ExecutionOrderSort (0ms)
			DisableScriptedObjects (10ms)
			BackupInstance (0ms)
			ReleaseScriptingObjects (0ms)
			CreateAndSetChildDomain (34ms)
		EndReloadAssembly (1848ms)
			LoadAssemblies (201ms)
			RebuildTransferFunctionScriptingTraits (0ms)
			SetupTypeCache (553ms)
			ReleaseScriptCaches (1ms)
			RebuildScriptCaches (87ms)
			SetupLoadedEditorAssemblies (1010ms)
				LogAssemblyErrors (0ms)
				InitializePlatformSupportModulesInManaged (8ms)
				SetLoadedEditorAssemblies (1ms)
				RefreshPlugins (1ms)
				BeforeProcessingInitializeOnLoad (123ms)
				ProcessInitializeOnLoadAttributes (829ms)
				ProcessInitializeOnLoadMethodAttributes (38ms)
				AfterProcessingInitializeOnLoad (9ms)
				EditorAssembliesLoaded (0ms)
			ExecutionOrderSort2 (0ms)
			AwakeInstancesAfterBackupRestoration (11ms)
Platform modules already initialized, skipping
========================================================================
Worker process is ready to serve import requests
Launched and connected shader compiler UnityShaderCompiler.exe after 0.11 seconds
Refreshing native plugins compatible for Editor in 0.87 ms, found 3 plugins.
Preloading 0 native plugins for Editor in 0.00 ms.
Unloading 3084 Unused Serialized files (Serialized files now loaded: 0)
Unloading 23 unused Assets / (46.5 KB). Loaded Objects now: 3545.
Memory consumption went from 110.4 MB to 110.4 MB.
Total: 5.291300 ms (FindLiveObjects: 0.581700 ms CreateObjectMapping: 0.195100 ms MarkObjects: 4.393000 ms  DeleteObjects: 0.118600 ms)

AssetImportParameters requested are different than current active one (requested -> active):
  custom:video-decoder-ogg-theora: a1e56fd34408186e4bbccfd4996cb3dc -> 
  custom:container-muxer-webm: aa71ff27fc2769a1b78a27578f13a17b -> 
  custom:container-demuxer-webm: 4f35f7cbe854078d1ac9338744f61a02 -> 
  custom:video-encoder-webm-vp8: eb34c28f22e8b96e1ab97ce403110664 -> 
  custom:video-codec-MediaFoundation-h265: 746d11721c4dcdbdad8f713fa42b33f4 -> 
  custom:CustomObjectIndexerAttribute: bc11b3a6c3213fcdd17b65e7da85e133 -> 
  custom:audio-encoder-webm-vorbis: bf7c407c2cedff20999df2af8eb42d56 -> 
  custom:framework-win-MediaFoundation: 216162199b28c13a410421893ffa2e32 -> 
  custom:SearchIndexIgnoredProperties: e643bd26f0fe6173181afceb89e7c659 -> 
  custom:container-demuxer-ogg: 62fdf1f143b41e24485cea50d1cbac27 -> 
  custom:video-decoder-webm-vp8: 9c59270c3fd7afecdb556c50c9e8de78 -> 
  custom:audio-decoder-ogg-vorbis: bf7c407c2cedff20999df2af8eb42d56 -> 
========================================================================
Received Prepare
Registering precompiled user dll's ...
Registered in 0.005848 seconds.
Begin MonoManager ReloadAssembly
Native extension for WindowsStandalone target not found
Refreshing native plugins compatible for Editor in 1.58 ms, found 3 plugins.
Preloading 0 native plugins for Editor in 0.00 ms.
[Package Manager] Server::EnsureServerProcessIsRunning -- launch failed, reason: Unity was launched with the -noUpm command-line argument
[Package Manager] Cannot connect to Unity Package Manager local server
Mono: successfully reloaded assembly
- Completed reload, in  2.330 seconds
Domain Reload Profiling:
	ReloadAssembly (2331ms)
		BeginReloadAssembly (264ms)
			ExecutionOrderSort (0ms)
			DisableScriptedObjects (8ms)
			BackupInstance (0ms)
			ReleaseScriptingObjects (0ms)
			CreateAndSetChildDomain (63ms)
		EndReloadAssembly (1912ms)
			LoadAssemblies (171ms)
			RebuildTransferFunctionScriptingTraits (0ms)
			SetupTypeCache (564ms)
			ReleaseScriptCaches (3ms)
			RebuildScriptCaches (86ms)
			SetupLoadedEditorAssemblies (1038ms)
				LogAssemblyErrors (0ms)
				InitializePlatformSupportModulesInManaged (11ms)
				SetLoadedEditorAssemblies (1ms)
				RefreshPlugins (2ms)
				BeforeProcessingInitializeOnLoad (126ms)
				ProcessInitializeOnLoadAttributes (847ms)
				ProcessInitializeOnLoadMethodAttributes (40ms)
				AfterProcessingInitializeOnLoad (11ms)
				EditorAssembliesLoaded (0ms)
			ExecutionOrderSort2 (0ms)
			AwakeInstancesAfterBackupRestoration (14ms)
Platform modules already initialized, skipping
Refreshing native plugins compatible for Editor in 1.41 ms, found 3 plugins.
Preloading 0 native plugins for Editor in 0.00 ms.
Unloading 3064 Unused Serialized files (Serialized files now loaded: 0)
Unloading 18 unused Assets / (21.9 KB). Loaded Objects now: 3548.
Memory consumption went from 109.0 MB to 108.9 MB.
Total: 5.911400 ms (FindLiveObjects: 0.782900 ms CreateObjectMapping: 0.196600 ms MarkObjects: 4.866200 ms  DeleteObjects: 0.062700 ms)

AssetImportParameters requested are different than current active one (requested -> active):
  custom:video-decoder-ogg-theora: a1e56fd34408186e4bbccfd4996cb3dc -> 
  custom:container-muxer-webm: aa71ff27fc2769a1b78a27578f13a17b -> 
  custom:container-demuxer-webm: 4f35f7cbe854078d1ac9338744f61a02 -> 
  custom:video-encoder-webm-vp8: eb34c28f22e8b96e1ab97ce403110664 -> 
  custom:video-codec-MediaFoundation-h265: 746d11721c4dcdbdad8f713fa42b33f4 -> 
  custom:CustomObjectIndexerAttribute: bc11b3a6c3213fcdd17b65e7da85e133 -> 
  custom:audio-encoder-webm-vorbis: bf7c407c2cedff20999df2af8eb42d56 -> 
  custom:framework-win-MediaFoundation: 216162199b28c13a410421893ffa2e32 -> 
  custom:SearchIndexIgnoredProperties: e643bd26f0fe6173181afceb89e7c659 -> 
  custom:container-demuxer-ogg: 62fdf1f143b41e24485cea50d1cbac27 -> 
  custom:video-decoder-webm-vp8: 9c59270c3fd7afecdb556c50c9e8de78 -> 
  custom:audio-decoder-ogg-vorbis: bf7c407c2cedff20999df2af8eb42d56 -> 
========================================================================
Received Prepare
Registering precompiled user dll's ...
Registered in 0.006059 seconds.
Begin MonoManager ReloadAssembly
Native extension for WindowsStandalone target not found
Refreshing native plugins compatible for Editor in 1.42 ms, found 3 plugins.
Preloading 0 native plugins for Editor in 0.00 ms.
[Package Manager] Server::EnsureServerProcessIsRunning -- launch failed, reason: Unity was launched with the -noUpm command-line argument
[Package Manager] Cannot connect to Unity Package Manager local server
Mono: successfully reloaded assembly
- Completed reload, in  2.280 seconds
Domain Reload Profiling:
	ReloadAssembly (2281ms)
		BeginReloadAssembly (232ms)
			ExecutionOrderSort (0ms)
			DisableScriptedObjects (9ms)
			BackupInstance (0ms)
			ReleaseScriptingObjects (0ms)
			CreateAndSetChildDomain (50ms)
		EndReloadAssembly (1888ms)
			LoadAssemblies (161ms)
			RebuildTransferFunctionScriptingTraits (0ms)
			SetupTypeCache (563ms)
			ReleaseScriptCaches (4ms)
			RebuildScriptCaches (78ms)
			SetupLoadedEditorAssemblies (1010ms)
				LogAssemblyErrors (0ms)
				InitializePlatformSupportModulesInManaged (12ms)
				SetLoadedEditorAssemblies (1ms)
				RefreshPlugins (2ms)
				BeforeProcessingInitializeOnLoad (127ms)
				ProcessInitializeOnLoadAttributes (816ms)
				ProcessInitializeOnLoadMethodAttributes (41ms)
				AfterProcessingInitializeOnLoad (10ms)
				EditorAssembliesLoaded (1ms)
			ExecutionOrderSort2 (0ms)
			AwakeInstancesAfterBackupRestoration (12ms)
Platform modules already initialized, skipping
Refreshing native plugins compatible for Editor in 0.81 ms, found 3 plugins.
Preloading 0 native plugins for Editor in 0.00 ms.
Unloading 3064 Unused Serialized files (Serialized files now loaded: 0)
Unloading 18 unused Assets / (21.9 KB). Loaded Objects now: 3551.
Memory consumption went from 109.0 MB to 108.9 MB.
Total: 5.067900 ms (FindLiveObjects: 0.653400 ms CreateObjectMapping: 0.112000 ms MarkObjects: 4.259900 ms  DeleteObjects: 0.040800 ms)

AssetImportParameters requested are different than current active one (requested -> active):
  custom:video-decoder-ogg-theora: a1e56fd34408186e4bbccfd4996cb3dc -> 
  custom:container-muxer-webm: aa71ff27fc2769a1b78a27578f13a17b -> 
  custom:container-demuxer-webm: 4f35f7cbe854078d1ac9338744f61a02 -> 
  custom:video-encoder-webm-vp8: eb34c28f22e8b96e1ab97ce403110664 -> 
  custom:video-codec-MediaFoundation-h265: 746d11721c4dcdbdad8f713fa42b33f4 -> 
  custom:CustomObjectIndexerAttribute: bc11b3a6c3213fcdd17b65e7da85e133 -> 
  custom:audio-encoder-webm-vorbis: bf7c407c2cedff20999df2af8eb42d56 -> 
  custom:framework-win-MediaFoundation: 216162199b28c13a410421893ffa2e32 -> 
  custom:SearchIndexIgnoredProperties: e643bd26f0fe6173181afceb89e7c659 -> 
  custom:container-demuxer-ogg: 62fdf1f143b41e24485cea50d1cbac27 -> 
  custom:video-decoder-webm-vp8: 9c59270c3fd7afecdb556c50c9e8de78 -> 
  custom:audio-decoder-ogg-vorbis: bf7c407c2cedff20999df2af8eb42d56 -> 
========================================================================
Received Prepare
Registering precompiled user dll's ...
Registered in 0.005576 seconds.
Begin MonoManager ReloadAssembly
Native extension for WindowsStandalone target not found
Refreshing native plugins compatible for Editor in 0.63 ms, found 3 plugins.
Preloading 0 native plugins for Editor in 0.00 ms.
[Package Manager] Server::EnsureServerProcessIsRunning -- launch failed, reason: Unity was launched with the -noUpm command-line argument
[Package Manager] Cannot connect to Unity Package Manager local server
Mono: successfully reloaded assembly
- Completed reload, in  1.949 seconds
Domain Reload Profiling:
	ReloadAssembly (1950ms)
		BeginReloadAssembly (278ms)
			ExecutionOrderSort (0ms)
			DisableScriptedObjects (13ms)
			BackupInstance (0ms)
			ReleaseScriptingObjects (0ms)
			CreateAndSetChildDomain (55ms)
		EndReloadAssembly (1502ms)
			LoadAssemblies (193ms)
			RebuildTransferFunctionScriptingTraits (0ms)
			SetupTypeCache (458ms)
			ReleaseScriptCaches (2ms)
			RebuildScriptCaches (52ms)
			SetupLoadedEditorAssemblies (820ms)
				LogAssemblyErrors (0ms)
				InitializePlatformSupportModulesInManaged (5ms)
				SetLoadedEditorAssemblies (1ms)
				RefreshPlugins (1ms)
				BeforeProcessingInitializeOnLoad (62ms)
				ProcessInitializeOnLoadAttributes (713ms)
				ProcessInitializeOnLoadMethodAttributes (31ms)
				AfterProcessingInitializeOnLoad (7ms)
				EditorAssembliesLoaded (0ms)
			ExecutionOrderSort2 (0ms)
			AwakeInstancesAfterBackupRestoration (29ms)
Platform modules already initialized, skipping
Refreshing native plugins compatible for Editor in 0.61 ms, found 3 plugins.
Preloading 0 native plugins for Editor in 0.00 ms.
Unloading 3064 Unused Serialized files (Serialized files now loaded: 0)
Unloading 18 unused Assets / (21.9 KB). Loaded Objects now: 3554.
Memory consumption went from 109.0 MB to 108.9 MB.
Total: 3.208200 ms (FindLiveObjects: 0.387600 ms CreateObjectMapping: 0.104700 ms MarkObjects: 2.679700 ms  DeleteObjects: 0.034000 ms)

AssetImportParameters requested are different than current active one (requested -> active):
  custom:video-decoder-ogg-theora: a1e56fd34408186e4bbccfd4996cb3dc -> 
  custom:container-muxer-webm: aa71ff27fc2769a1b78a27578f13a17b -> 
  custom:container-demuxer-webm: 4f35f7cbe854078d1ac9338744f61a02 -> 
  custom:video-encoder-webm-vp8: eb34c28f22e8b96e1ab97ce403110664 -> 
  custom:video-codec-MediaFoundation-h265: 746d11721c4dcdbdad8f713fa42b33f4 -> 
  custom:CustomObjectIndexerAttribute: bc11b3a6c3213fcdd17b65e7da85e133 -> 
  custom:audio-encoder-webm-vorbis: bf7c407c2cedff20999df2af8eb42d56 -> 
  custom:framework-win-MediaFoundation: 216162199b28c13a410421893ffa2e32 -> 
  custom:SearchIndexIgnoredProperties: e643bd26f0fe6173181afceb89e7c659 -> 
  custom:container-demuxer-ogg: 62fdf1f143b41e24485cea50d1cbac27 -> 
  custom:video-decoder-webm-vp8: 9c59270c3fd7afecdb556c50c9e8de78 -> 
  custom:audio-decoder-ogg-vorbis: bf7c407c2cedff20999df2af8eb42d56 -> 
========================================================================
Received Prepare
Registering precompiled user dll's ...
Registered in 0.010077 seconds.
Begin MonoManager ReloadAssembly
Native extension for WindowsStandalone target not found
Refreshing native plugins compatible for Editor in 0.93 ms, found 3 plugins.
Preloading 0 native plugins for Editor in 0.00 ms.
[Package Manager] Server::EnsureServerProcessIsRunning -- launch failed, reason: Unity was launched with the -noUpm command-line argument
[Package Manager] Cannot connect to Unity Package Manager local server
Mono: successfully reloaded assembly
- Completed reload, in  1.855 seconds
Domain Reload Profiling:
	ReloadAssembly (1855ms)
		BeginReloadAssembly (265ms)
			ExecutionOrderSort (0ms)
			DisableScriptedObjects (8ms)
			BackupInstance (0ms)
			ReleaseScriptingObjects (0ms)
			CreateAndSetChildDomain (56ms)
		EndReloadAssembly (1420ms)
			LoadAssemblies (183ms)
			RebuildTransferFunctionScriptingTraits (0ms)
			SetupTypeCache (415ms)
			ReleaseScriptCaches (2ms)
			RebuildScriptCaches (76ms)
			SetupLoadedEditorAssemblies (741ms)
				LogAssemblyErrors (0ms)
				InitializePlatformSupportModulesInManaged (7ms)
				SetLoadedEditorAssemblies (1ms)
				RefreshPlugins (1ms)
				BeforeProcessingInitializeOnLoad (98ms)
				ProcessInitializeOnLoadAttributes (608ms)
				ProcessInitializeOnLoadMethodAttributes (21ms)
				AfterProcessingInitializeOnLoad (6ms)
				EditorAssembliesLoaded (0ms)
			ExecutionOrderSort2 (0ms)
			AwakeInstancesAfterBackupRestoration (7ms)
Platform modules already initialized, skipping
Refreshing native plugins compatible for Editor in 0.69 ms, found 3 plugins.
Preloading 0 native plugins for Editor in 0.00 ms.
Unloading 3064 Unused Serialized files (Serialized files now loaded: 0)
Unloading 18 unused Assets / (21.9 KB). Loaded Objects now: 3557.
Memory consumption went from 109.0 MB to 109.0 MB.
Total: 3.954500 ms (FindLiveObjects: 0.681700 ms CreateObjectMapping: 0.285300 ms MarkObjects: 2.945000 ms  DeleteObjects: 0.040800 ms)

AssetImportParameters requested are different than current active one (requested -> active):
  custom:video-decoder-ogg-theora: a1e56fd34408186e4bbccfd4996cb3dc -> 
  custom:container-muxer-webm: aa71ff27fc2769a1b78a27578f13a17b -> 
  custom:container-demuxer-webm: 4f35f7cbe854078d1ac9338744f61a02 -> 
  custom:video-encoder-webm-vp8: eb34c28f22e8b96e1ab97ce403110664 -> 
  custom:video-codec-MediaFoundation-h265: 746d11721c4dcdbdad8f713fa42b33f4 -> 
  custom:CustomObjectIndexerAttribute: bc11b3a6c3213fcdd17b65e7da85e133 -> 
  custom:audio-encoder-webm-vorbis: bf7c407c2cedff20999df2af8eb42d56 -> 
  custom:framework-win-MediaFoundation: 216162199b28c13a410421893ffa2e32 -> 
  custom:SearchIndexIgnoredProperties: e643bd26f0fe6173181afceb89e7c659 -> 
  custom:container-demuxer-ogg: 62fdf1f143b41e24485cea50d1cbac27 -> 
  custom:video-decoder-webm-vp8: 9c59270c3fd7afecdb556c50c9e8de78 -> 
  custom:audio-decoder-ogg-vorbis: bf7c407c2cedff20999df2af8eb42d56 -> 
========================================================================
Received Prepare
Registering precompiled user dll's ...
Registered in 0.007327 seconds.
Begin MonoManager ReloadAssembly
Native extension for WindowsStandalone target not found
Refreshing native plugins compatible for Editor in 1.31 ms, found 3 plugins.
Preloading 0 native plugins for Editor in 0.00 ms.
[Package Manager] Server::EnsureServerProcessIsRunning -- launch failed, reason: Unity was launched with the -noUpm command-line argument
[Package Manager] Cannot connect to Unity Package Manager local server
Mono: successfully reloaded assembly
- Completed reload, in  2.170 seconds
Domain Reload Profiling:
	ReloadAssembly (2171ms)
		BeginReloadAssembly (274ms)
			ExecutionOrderSort (0ms)
			DisableScriptedObjects (12ms)
			BackupInstance (0ms)
			ReleaseScriptingObjects (0ms)
			CreateAndSetChildDomain (59ms)
		EndReloadAssembly (1731ms)
			LoadAssemblies (178ms)
			RebuildTransferFunctionScriptingTraits (0ms)
			SetupTypeCache (481ms)
			ReleaseScriptCaches (3ms)
			RebuildScriptCaches (94ms)
			SetupLoadedEditorAssemblies (941ms)
				LogAssemblyErrors (0ms)
				InitializePlatformSupportModulesInManaged (9ms)
				SetLoadedEditorAssemblies (1ms)
				RefreshPlugins (1ms)
				BeforeProcessingInitializeOnLoad (119ms)
				ProcessInitializeOnLoadAttributes (764ms)
				ProcessInitializeOnLoadMethodAttributes (38ms)
				AfterProcessingInitializeOnLoad (8ms)
				EditorAssembliesLoaded (0ms)
			ExecutionOrderSort2 (0ms)
			AwakeInstancesAfterBackupRestoration (11ms)
Platform modules already initialized, skipping
Refreshing native plugins compatible for Editor in 0.55 ms, found 3 plugins.
Preloading 0 native plugins for Editor in 0.00 ms.
Unloading 3064 Unused Serialized files (Serialized files now loaded: 0)
Unloading 18 unused Assets / (21.9 KB). Loaded Objects now: 3560.
Memory consumption went from 109.0 MB to 109.0 MB.
Total: 3.650700 ms (FindLiveObjects: 0.378400 ms CreateObjectMapping: 0.132400 ms MarkObjects: 3.099100 ms  DeleteObjects: 0.038400 ms)

AssetImportParameters requested are different than current active one (requested -> active):
  custom:video-decoder-ogg-theora: a1e56fd34408186e4bbccfd4996cb3dc -> 
  custom:container-muxer-webm: aa71ff27fc2769a1b78a27578f13a17b -> 
  custom:container-demuxer-webm: 4f35f7cbe854078d1ac9338744f61a02 -> 
  custom:video-encoder-webm-vp8: eb34c28f22e8b96e1ab97ce403110664 -> 
  custom:video-codec-MediaFoundation-h265: 746d11721c4dcdbdad8f713fa42b33f4 -> 
  custom:CustomObjectIndexerAttribute: bc11b3a6c3213fcdd17b65e7da85e133 -> 
  custom:audio-encoder-webm-vorbis: bf7c407c2cedff20999df2af8eb42d56 -> 
  custom:framework-win-MediaFoundation: 216162199b28c13a410421893ffa2e32 -> 
  custom:SearchIndexIgnoredProperties: e643bd26f0fe6173181afceb89e7c659 -> 
  custom:container-demuxer-ogg: 62fdf1f143b41e24485cea50d1cbac27 -> 
  custom:video-decoder-webm-vp8: 9c59270c3fd7afecdb556c50c9e8de78 -> 
  custom:audio-decoder-ogg-vorbis: bf7c407c2cedff20999df2af8eb42d56 -> 
========================================================================
Received Import Request.
  Time since last request: 2090429.599777 seconds.
  path: Assets/Scripts/CameraFollow.cs
  artifactKey: Guid(005ff677867aae64a823d7d36536b715) Importer(815301076,1909f56bfc062723c751e8b465ee728b)
Number of updated assets reloaded before import = 0
Start importing Assets/Scripts/CameraFollow.cs using Guid(005ff677867aae64a823d7d36536b715) Importer(815301076,1909f56bfc062723c751e8b465ee728b)  -> (artifact id: 'b3ffcea97747f283568064ef394c1c25') in 0.060792 seconds 
Number of asset objects unloaded after import = 0
========================================================================
Received Prepare
Registering precompiled user dll's ...
Registered in 0.004637 seconds.
Begin MonoManager ReloadAssembly
Native extension for WindowsStandalone target not found
Refreshing native plugins compatible for Editor in 0.58 ms, found 3 plugins.
Preloading 0 native plugins for Editor in 0.00 ms.
[Package Manager] Server::EnsureServerProcessIsRunning -- launch failed, reason: Unity was launched with the -noUpm command-line argument
[Package Manager] Cannot connect to Unity Package Manager local server
Mono: successfully reloaded assembly
- Completed reload, in  1.670 seconds
Domain Reload Profiling:
	ReloadAssembly (1671ms)
		BeginReloadAssembly (225ms)
			ExecutionOrderSort (0ms)
			DisableScriptedObjects (7ms)
			BackupInstance (0ms)
			ReleaseScriptingObjects (0ms)
			CreateAndSetChildDomain (58ms)
		EndReloadAssembly (1312ms)
			LoadAssemblies (143ms)
			RebuildTransferFunctionScriptingTraits (0ms)
			SetupTypeCache (352ms)
			ReleaseScriptCaches (1ms)
			RebuildScriptCaches (46ms)
			SetupLoadedEditorAssemblies (787ms)
				LogAssemblyErrors (0ms)
				InitializePlatformSupportModulesInManaged (5ms)
				SetLoadedEditorAssemblies (0ms)
				RefreshPlugins (1ms)
				BeforeProcessingInitializeOnLoad (73ms)
				ProcessInitializeOnLoadAttributes (666ms)
				ProcessInitializeOnLoadMethodAttributes (35ms)
				AfterProcessingInitializeOnLoad (7ms)
				EditorAssembliesLoaded (0ms)
			ExecutionOrderSort2 (0ms)
			AwakeInstancesAfterBackupRestoration (7ms)
Platform modules already initialized, skipping
Refreshing native plugins compatible for Editor in 0.60 ms, found 3 plugins.
Preloading 0 native plugins for Editor in 0.00 ms.
Unloading 3064 Unused Serialized files (Serialized files now loaded: 0)
Unloading 18 unused Assets / (21.9 KB). Loaded Objects now: 3563.
Memory consumption went from 109.0 MB to 109.0 MB.
Total: 3.231800 ms (FindLiveObjects: 0.331400 ms CreateObjectMapping: 0.105200 ms MarkObjects: 2.760100 ms  DeleteObjects: 0.033500 ms)

AssetImportParameters requested are different than current active one (requested -> active):
  custom:video-decoder-ogg-theora: a1e56fd34408186e4bbccfd4996cb3dc -> 
  custom:container-muxer-webm: aa71ff27fc2769a1b78a27578f13a17b -> 
  custom:container-demuxer-webm: 4f35f7cbe854078d1ac9338744f61a02 -> 
  custom:video-encoder-webm-vp8: eb34c28f22e8b96e1ab97ce403110664 -> 
  custom:video-codec-MediaFoundation-h265: 746d11721c4dcdbdad8f713fa42b33f4 -> 
  custom:CustomObjectIndexerAttribute: bc11b3a6c3213fcdd17b65e7da85e133 -> 
  custom:audio-encoder-webm-vorbis: bf7c407c2cedff20999df2af8eb42d56 -> 
  custom:framework-win-MediaFoundation: 216162199b28c13a410421893ffa2e32 -> 
  custom:SearchIndexIgnoredProperties: e643bd26f0fe6173181afceb89e7c659 -> 
  custom:container-demuxer-ogg: 62fdf1f143b41e24485cea50d1cbac27 -> 
  custom:video-decoder-webm-vp8: 9c59270c3fd7afecdb556c50c9e8de78 -> 
  custom:audio-decoder-ogg-vorbis: bf7c407c2cedff20999df2af8eb42d56 -> 
========================================================================
Received Prepare
Registering precompiled user dll's ...
Registered in 0.003814 seconds.
Begin MonoManager ReloadAssembly
Native extension for WindowsStandalone target not found
Refreshing native plugins compatible for Editor in 0.60 ms, found 3 plugins.
Preloading 0 native plugins for Editor in 0.00 ms.
[Package Manager] Server::EnsureServerProcessIsRunning -- launch failed, reason: Unity was launched with the -noUpm command-line argument
[Package Manager] Cannot connect to Unity Package Manager local server
Mono: successfully reloaded assembly
- Completed reload, in  1.722 seconds
Domain Reload Profiling:
	ReloadAssembly (1724ms)
		BeginReloadAssembly (181ms)
			ExecutionOrderSort (0ms)
			DisableScriptedObjects (5ms)
			BackupInstance (0ms)
			ReleaseScriptingObjects (0ms)
			CreateAndSetChildDomain (46ms)
		EndReloadAssembly (1429ms)
			LoadAssemblies (120ms)
			RebuildTransferFunctionScriptingTraits (0ms)
			SetupTypeCache (337ms)
			ReleaseScriptCaches (3ms)
			RebuildScriptCaches (70ms)
			SetupLoadedEditorAssemblies (830ms)
				LogAssemblyErrors (0ms)
				InitializePlatformSupportModulesInManaged (8ms)
				SetLoadedEditorAssemblies (0ms)
				RefreshPlugins (1ms)
				BeforeProcessingInitializeOnLoad (88ms)
				ProcessInitializeOnLoadAttributes (689ms)
				ProcessInitializeOnLoadMethodAttributes (36ms)
				AfterProcessingInitializeOnLoad (7ms)
				EditorAssembliesLoaded (0ms)
			ExecutionOrderSort2 (0ms)
			AwakeInstancesAfterBackupRestoration (9ms)
Platform modules already initialized, skipping
Refreshing native plugins compatible for Editor in 0.75 ms, found 3 plugins.
Preloading 0 native plugins for Editor in 0.00 ms.
Unloading 3064 Unused Serialized files (Serialized files now loaded: 0)
Unloading 18 unused Assets / (21.9 KB). Loaded Objects now: 3566.
Memory consumption went from 109.0 MB to 109.0 MB.
Total: 4.739700 ms (FindLiveObjects: 0.646000 ms CreateObjectMapping: 0.113300 ms MarkObjects: 3.850700 ms  DeleteObjects: 0.126800 ms)

AssetImportParameters requested are different than current active one (requested -> active):
  custom:video-decoder-ogg-theora: a1e56fd34408186e4bbccfd4996cb3dc -> 
  custom:container-muxer-webm: aa71ff27fc2769a1b78a27578f13a17b -> 
  custom:container-demuxer-webm: 4f35f7cbe854078d1ac9338744f61a02 -> 
  custom:video-encoder-webm-vp8: eb34c28f22e8b96e1ab97ce403110664 -> 
  custom:video-codec-MediaFoundation-h265: 746d11721c4dcdbdad8f713fa42b33f4 -> 
  custom:CustomObjectIndexerAttribute: bc11b3a6c3213fcdd17b65e7da85e133 -> 
  custom:audio-encoder-webm-vorbis: bf7c407c2cedff20999df2af8eb42d56 -> 
  custom:framework-win-MediaFoundation: 216162199b28c13a410421893ffa2e32 -> 
  custom:SearchIndexIgnoredProperties: e643bd26f0fe6173181afceb89e7c659 -> 
  custom:container-demuxer-ogg: 62fdf1f143b41e24485cea50d1cbac27 -> 
  custom:video-decoder-webm-vp8: 9c59270c3fd7afecdb556c50c9e8de78 -> 
  custom:audio-decoder-ogg-vorbis: bf7c407c2cedff20999df2af8eb42d56 -> 
========================================================================
Received Prepare
Registering precompiled user dll's ...
Registered in 0.006828 seconds.
Begin MonoManager ReloadAssembly
Native extension for WindowsStandalone target not found
Refreshing native plugins compatible for Editor in 1.05 ms, found 3 plugins.
Preloading 0 native plugins for Editor in 0.00 ms.
[Package Manager] Server::EnsureServerProcessIsRunning -- launch failed, reason: Unity was launched with the -noUpm command-line argument
[Package Manager] Cannot connect to Unity Package Manager local server
Mono: successfully reloaded assembly
- Completed reload, in  1.933 seconds
Domain Reload Profiling:
	ReloadAssembly (1934ms)
		BeginReloadAssembly (210ms)
			ExecutionOrderSort (0ms)
			DisableScriptedObjects (7ms)
			BackupInstance (0ms)
			ReleaseScriptingObjects (0ms)
			CreateAndSetChildDomain (43ms)
		EndReloadAssembly (1569ms)
			LoadAssemblies (148ms)
			RebuildTransferFunctionScriptingTraits (0ms)
			SetupTypeCache (429ms)
			ReleaseScriptCaches (3ms)
			RebuildScriptCaches (82ms)
			SetupLoadedEditorAssemblies (855ms)
				LogAssemblyErrors (0ms)
				InitializePlatformSupportModulesInManaged (9ms)
				SetLoadedEditorAssemblies (1ms)
				RefreshPlugins (1ms)
				BeforeProcessingInitializeOnLoad (97ms)
				ProcessInitializeOnLoadAttributes (713ms)
				ProcessInitializeOnLoadMethodAttributes (25ms)
				AfterProcessingInitializeOnLoad (8ms)
				EditorAssembliesLoaded (0ms)
			ExecutionOrderSort2 (0ms)
			AwakeInstancesAfterBackupRestoration (9ms)
Platform modules already initialized, skipping
Refreshing native plugins compatible for Editor in 0.81 ms, found 3 plugins.
Preloading 0 native plugins for Editor in 0.00 ms.
Unloading 3064 Unused Serialized files (Serialized files now loaded: 0)
Unloading 18 unused Assets / (21.9 KB). Loaded Objects now: 3569.
Memory consumption went from 109.0 MB to 109.0 MB.
Total: 3.430800 ms (FindLiveObjects: 0.343800 ms CreateObjectMapping: 0.120400 ms MarkObjects: 2.926500 ms  DeleteObjects: 0.038400 ms)

AssetImportParameters requested are different than current active one (requested -> active):
  custom:video-decoder-ogg-theora: a1e56fd34408186e4bbccfd4996cb3dc -> 
  custom:container-muxer-webm: aa71ff27fc2769a1b78a27578f13a17b -> 
  custom:container-demuxer-webm: 4f35f7cbe854078d1ac9338744f61a02 -> 
  custom:video-encoder-webm-vp8: eb34c28f22e8b96e1ab97ce403110664 -> 
  custom:video-codec-MediaFoundation-h265: 746d11721c4dcdbdad8f713fa42b33f4 -> 
  custom:CustomObjectIndexerAttribute: bc11b3a6c3213fcdd17b65e7da85e133 -> 
  custom:audio-encoder-webm-vorbis: bf7c407c2cedff20999df2af8eb42d56 -> 
  custom:framework-win-MediaFoundation: 216162199b28c13a410421893ffa2e32 -> 
  custom:SearchIndexIgnoredProperties: e643bd26f0fe6173181afceb89e7c659 -> 
  custom:container-demuxer-ogg: 62fdf1f143b41e24485cea50d1cbac27 -> 
  custom:video-decoder-webm-vp8: 9c59270c3fd7afecdb556c50c9e8de78 -> 
  custom:audio-decoder-ogg-vorbis: bf7c407c2cedff20999df2af8eb42d56 -> 
========================================================================
Received Prepare
Registering precompiled user dll's ...
Registered in 0.005786 seconds.
Begin MonoManager ReloadAssembly
Native extension for WindowsStandalone target not found
Refreshing native plugins compatible for Editor in 1.16 ms, found 3 plugins.
Preloading 0 native plugins for Editor in 0.00 ms.
[Package Manager] Server::EnsureServerProcessIsRunning -- launch failed, reason: Unity was launched with the -noUpm command-line argument
[Package Manager] Cannot connect to Unity Package Manager local server
Mono: successfully reloaded assembly
- Completed reload, in  2.234 seconds
Domain Reload Profiling:
	ReloadAssembly (2235ms)
		BeginReloadAssembly (241ms)
			ExecutionOrderSort (0ms)
			DisableScriptedObjects (9ms)
			BackupInstance (0ms)
			ReleaseScriptingObjects (0ms)
			CreateAndSetChildDomain (54ms)
		EndReloadAssembly (1814ms)
			LoadAssemblies (166ms)
			RebuildTransferFunctionScriptingTraits (0ms)
			SetupTypeCache (566ms)
			ReleaseScriptCaches (3ms)
			RebuildScriptCaches (95ms)
			SetupLoadedEditorAssemblies (949ms)
				LogAssemblyErrors (0ms)
				InitializePlatformSupportModulesInManaged (9ms)
				SetLoadedEditorAssemblies (1ms)
				RefreshPlugins (1ms)
				BeforeProcessingInitializeOnLoad (104ms)
				ProcessInitializeOnLoadAttributes (779ms)
				ProcessInitializeOnLoadMethodAttributes (44ms)
				AfterProcessingInitializeOnLoad (10ms)
				EditorAssembliesLoaded (0ms)
			ExecutionOrderSort2 (0ms)
			AwakeInstancesAfterBackupRestoration (9ms)
Platform modules already initialized, skipping
Refreshing native plugins compatible for Editor in 1.16 ms, found 3 plugins.
Preloading 0 native plugins for Editor in 0.00 ms.
Unloading 3064 Unused Serialized files (Serialized files now loaded: 0)
Unloading 18 unused Assets / (21.9 KB). Loaded Objects now: 3572.
Memory consumption went from 109.0 MB to 109.0 MB.
Total: 5.014000 ms (FindLiveObjects: 0.706800 ms CreateObjectMapping: 0.150700 ms MarkObjects: 4.094700 ms  DeleteObjects: 0.059100 ms)

AssetImportParameters requested are different than current active one (requested -> active):
  custom:video-decoder-ogg-theora: a1e56fd34408186e4bbccfd4996cb3dc -> 
  custom:container-muxer-webm: aa71ff27fc2769a1b78a27578f13a17b -> 
  custom:container-demuxer-webm: 4f35f7cbe854078d1ac9338744f61a02 -> 
  custom:video-encoder-webm-vp8: eb34c28f22e8b96e1ab97ce403110664 -> 
  custom:video-codec-MediaFoundation-h265: 746d11721c4dcdbdad8f713fa42b33f4 -> 
  custom:CustomObjectIndexerAttribute: bc11b3a6c3213fcdd17b65e7da85e133 -> 
  custom:audio-encoder-webm-vorbis: bf7c407c2cedff20999df2af8eb42d56 -> 
  custom:framework-win-MediaFoundation: 216162199b28c13a410421893ffa2e32 -> 
  custom:SearchIndexIgnoredProperties: e643bd26f0fe6173181afceb89e7c659 -> 
  custom:container-demuxer-ogg: 62fdf1f143b41e24485cea50d1cbac27 -> 
  custom:video-decoder-webm-vp8: 9c59270c3fd7afecdb556c50c9e8de78 -> 
  custom:audio-decoder-ogg-vorbis: bf7c407c2cedff20999df2af8eb42d56 -> 
========================================================================
Received Prepare
Registering precompiled user dll's ...
Registered in 0.008366 seconds.
Begin MonoManager ReloadAssembly
Native extension for WindowsStandalone target not found
Refreshing native plugins compatible for Editor in 1.09 ms, found 3 plugins.
Preloading 0 native plugins for Editor in 0.00 ms.
[Package Manager] Server::EnsureServerProcessIsRunning -- launch failed, reason: Unity was launched with the -noUpm command-line argument
[Package Manager] Cannot connect to Unity Package Manager local server
Mono: successfully reloaded assembly
- Completed reload, in  1.966 seconds
Domain Reload Profiling:
	ReloadAssembly (1967ms)
		BeginReloadAssembly (208ms)
			ExecutionOrderSort (0ms)
			DisableScriptedObjects (9ms)
			BackupInstance (0ms)
			ReleaseScriptingObjects (0ms)
			CreateAndSetChildDomain (40ms)
		EndReloadAssembly (1603ms)
			LoadAssemblies (156ms)
			RebuildTransferFunctionScriptingTraits (0ms)
			SetupTypeCache (447ms)
			ReleaseScriptCaches (2ms)
			RebuildScriptCaches (76ms)
			SetupLoadedEditorAssemblies (852ms)
				LogAssemblyErrors (0ms)
				InitializePlatformSupportModulesInManaged (12ms)
				SetLoadedEditorAssemblies (1ms)
				RefreshPlugins (1ms)
				BeforeProcessingInitializeOnLoad (88ms)
				ProcessInitializeOnLoadAttributes (715ms)
				ProcessInitializeOnLoadMethodAttributes (27ms)
				AfterProcessingInitializeOnLoad (7ms)
				EditorAssembliesLoaded (0ms)
			ExecutionOrderSort2 (0ms)
			AwakeInstancesAfterBackupRestoration (8ms)
Platform modules already initialized, skipping
Refreshing native plugins compatible for Editor in 0.65 ms, found 3 plugins.
Preloading 0 native plugins for Editor in 0.00 ms.
Unloading 3064 Unused Serialized files (Serialized files now loaded: 0)
Unloading 18 unused Assets / (21.9 KB). Loaded Objects now: 3575.
Memory consumption went from 109.0 MB to 109.0 MB.
Total: 4.126300 ms (FindLiveObjects: 0.356200 ms CreateObjectMapping: 0.134800 ms MarkObjects: 3.597300 ms  DeleteObjects: 0.036500 ms)

AssetImportParameters requested are different than current active one (requested -> active):
  custom:video-decoder-ogg-theora: a1e56fd34408186e4bbccfd4996cb3dc -> 
  custom:container-muxer-webm: aa71ff27fc2769a1b78a27578f13a17b -> 
  custom:container-demuxer-webm: 4f35f7cbe854078d1ac9338744f61a02 -> 
  custom:video-encoder-webm-vp8: eb34c28f22e8b96e1ab97ce403110664 -> 
  custom:video-codec-MediaFoundation-h265: 746d11721c4dcdbdad8f713fa42b33f4 -> 
  custom:CustomObjectIndexerAttribute: bc11b3a6c3213fcdd17b65e7da85e133 -> 
  custom:audio-encoder-webm-vorbis: bf7c407c2cedff20999df2af8eb42d56 -> 
  custom:framework-win-MediaFoundation: 216162199b28c13a410421893ffa2e32 -> 
  custom:SearchIndexIgnoredProperties: e643bd26f0fe6173181afceb89e7c659 -> 
  custom:container-demuxer-ogg: 62fdf1f143b41e24485cea50d1cbac27 -> 
  custom:video-decoder-webm-vp8: 9c59270c3fd7afecdb556c50c9e8de78 -> 
  custom:audio-decoder-ogg-vorbis: bf7c407c2cedff20999df2af8eb42d56 -> 
========================================================================
Received Prepare
Registering precompiled user dll's ...
Registered in 0.005249 seconds.
Begin MonoManager ReloadAssembly
Native extension for WindowsStandalone target not found
Refreshing native plugins compatible for Editor in 0.85 ms, found 3 plugins.
Preloading 0 native plugins for Editor in 0.00 ms.
[Package Manager] Server::EnsureServerProcessIsRunning -- launch failed, reason: Unity was launched with the -noUpm command-line argument
[Package Manager] Cannot connect to Unity Package Manager local server
Mono: successfully reloaded assembly
- Completed reload, in  2.041 seconds
Domain Reload Profiling:
	ReloadAssembly (2043ms)
		BeginReloadAssembly (214ms)
			ExecutionOrderSort (0ms)
			DisableScriptedObjects (7ms)
			BackupInstance (0ms)
			ReleaseScriptingObjects (0ms)
			CreateAndSetChildDomain (45ms)
		EndReloadAssembly (1678ms)
			LoadAssemblies (152ms)
			RebuildTransferFunctionScriptingTraits (0ms)
			SetupTypeCache (456ms)
			ReleaseScriptCaches (2ms)
			RebuildScriptCaches (65ms)
			SetupLoadedEditorAssemblies (963ms)
				LogAssemblyErrors (0ms)
				InitializePlatformSupportModulesInManaged (9ms)
				SetLoadedEditorAssemblies (1ms)
				RefreshPlugins (1ms)
				BeforeProcessingInitializeOnLoad (97ms)
				ProcessInitializeOnLoadAttributes (804ms)
				ProcessInitializeOnLoadMethodAttributes (41ms)
				AfterProcessingInitializeOnLoad (9ms)
				EditorAssembliesLoaded (0ms)
			ExecutionOrderSort2 (0ms)
			AwakeInstancesAfterBackupRestoration (13ms)
Platform modules already initialized, skipping
Refreshing native plugins compatible for Editor in 0.75 ms, found 3 plugins.
Preloading 0 native plugins for Editor in 0.00 ms.
Unloading 3064 Unused Serialized files (Serialized files now loaded: 0)
Unloading 18 unused Assets / (21.9 KB). Loaded Objects now: 3578.
Memory consumption went from 109.0 MB to 109.0 MB.
Total: 6.049700 ms (FindLiveObjects: 0.578900 ms CreateObjectMapping: 0.173700 ms MarkObjects: 5.221900 ms  DeleteObjects: 0.071400 ms)

AssetImportParameters requested are different than current active one (requested -> active):
  custom:video-decoder-ogg-theora: a1e56fd34408186e4bbccfd4996cb3dc -> 
  custom:container-muxer-webm: aa71ff27fc2769a1b78a27578f13a17b -> 
  custom:container-demuxer-webm: 4f35f7cbe854078d1ac9338744f61a02 -> 
  custom:video-encoder-webm-vp8: eb34c28f22e8b96e1ab97ce403110664 -> 
  custom:video-codec-MediaFoundation-h265: 746d11721c4dcdbdad8f713fa42b33f4 -> 
  custom:CustomObjectIndexerAttribute: bc11b3a6c3213fcdd17b65e7da85e133 -> 
  custom:audio-encoder-webm-vorbis: bf7c407c2cedff20999df2af8eb42d56 -> 
  custom:framework-win-MediaFoundation: 216162199b28c13a410421893ffa2e32 -> 
  custom:SearchIndexIgnoredProperties: e643bd26f0fe6173181afceb89e7c659 -> 
  custom:container-demuxer-ogg: 62fdf1f143b41e24485cea50d1cbac27 -> 
  custom:video-decoder-webm-vp8: 9c59270c3fd7afecdb556c50c9e8de78 -> 
  custom:audio-decoder-ogg-vorbis: bf7c407c2cedff20999df2af8eb42d56 -> 
========================================================================
Received Prepare
Registering precompiled user dll's ...
Registered in 0.008876 seconds.
Begin MonoManager ReloadAssembly
Native extension for WindowsStandalone target not found
Refreshing native plugins compatible for Editor in 1.14 ms, found 3 plugins.
Preloading 0 native plugins for Editor in 0.00 ms.
[Package Manager] Server::EnsureServerProcessIsRunning -- launch failed, reason: Unity was launched with the -noUpm command-line argument
[Package Manager] Cannot connect to Unity Package Manager local server
Mono: successfully reloaded assembly
- Completed reload, in  2.030 seconds
Domain Reload Profiling:
	ReloadAssembly (2031ms)
		BeginReloadAssembly (223ms)
			ExecutionOrderSort (0ms)
			DisableScriptedObjects (8ms)
			BackupInstance (0ms)
			ReleaseScriptingObjects (0ms)
			CreateAndSetChildDomain (44ms)
		EndReloadAssembly (1652ms)
			LoadAssemblies (152ms)
			RebuildTransferFunctionScriptingTraits (0ms)
			SetupTypeCache (484ms)
			ReleaseScriptCaches (2ms)
			RebuildScriptCaches (61ms)
			SetupLoadedEditorAssemblies (924ms)
				LogAssemblyErrors (0ms)
				InitializePlatformSupportModulesInManaged (9ms)
				SetLoadedEditorAssemblies (1ms)
				RefreshPlugins (1ms)
				BeforeProcessingInitializeOnLoad (114ms)
				ProcessInitializeOnLoadAttributes (757ms)
				ProcessInitializeOnLoadMethodAttributes (34ms)
				AfterProcessingInitializeOnLoad (8ms)
				EditorAssembliesLoaded (0ms)
			ExecutionOrderSort2 (0ms)
			AwakeInstancesAfterBackupRestoration (9ms)
Platform modules already initialized, skipping
Refreshing native plugins compatible for Editor in 0.72 ms, found 3 plugins.
Preloading 0 native plugins for Editor in 0.00 ms.
Unloading 3064 Unused Serialized files (Serialized files now loaded: 0)
Unloading 18 unused Assets / (21.9 KB). Loaded Objects now: 3581.
Memory consumption went from 109.0 MB to 109.0 MB.
Total: 4.615500 ms (FindLiveObjects: 0.420900 ms CreateObjectMapping: 0.144100 ms MarkObjects: 4.004000 ms  DeleteObjects: 0.044600 ms)

AssetImportParameters requested are different than current active one (requested -> active):
  custom:video-decoder-ogg-theora: a1e56fd34408186e4bbccfd4996cb3dc -> 
  custom:container-muxer-webm: aa71ff27fc2769a1b78a27578f13a17b -> 
  custom:container-demuxer-webm: 4f35f7cbe854078d1ac9338744f61a02 -> 
  custom:video-encoder-webm-vp8: eb34c28f22e8b96e1ab97ce403110664 -> 
  custom:video-codec-MediaFoundation-h265: 746d11721c4dcdbdad8f713fa42b33f4 -> 
  custom:CustomObjectIndexerAttribute: bc11b3a6c3213fcdd17b65e7da85e133 -> 
  custom:audio-encoder-webm-vorbis: bf7c407c2cedff20999df2af8eb42d56 -> 
  custom:framework-win-MediaFoundation: 216162199b28c13a410421893ffa2e32 -> 
  custom:SearchIndexIgnoredProperties: e643bd26f0fe6173181afceb89e7c659 -> 
  custom:container-demuxer-ogg: 62fdf1f143b41e24485cea50d1cbac27 -> 
  custom:video-decoder-webm-vp8: 9c59270c3fd7afecdb556c50c9e8de78 -> 
  custom:audio-decoder-ogg-vorbis: bf7c407c2cedff20999df2af8eb42d56 -> 
========================================================================
Received Prepare
Registering precompiled user dll's ...
Registered in 0.004976 seconds.
Begin MonoManager ReloadAssembly
Native extension for WindowsStandalone target not found
Refreshing native plugins compatible for Editor in 1.65 ms, found 3 plugins.
Preloading 0 native plugins for Editor in 0.00 ms.
[Package Manager] Server::EnsureServerProcessIsRunning -- launch failed, reason: Unity was launched with the -noUpm command-line argument
[Package Manager] Cannot connect to Unity Package Manager local server
Mono: successfully reloaded assembly
- Completed reload, in  2.009 seconds
Domain Reload Profiling:
	ReloadAssembly (2010ms)
		BeginReloadAssembly (195ms)
			ExecutionOrderSort (0ms)
			DisableScriptedObjects (11ms)
			BackupInstance (0ms)
			ReleaseScriptingObjects (0ms)
			CreateAndSetChildDomain (50ms)
		EndReloadAssembly (1671ms)
			LoadAssemblies (120ms)
			RebuildTransferFunctionScriptingTraits (0ms)
			SetupTypeCache (474ms)
			ReleaseScriptCaches (2ms)
			RebuildScriptCaches (75ms)
			SetupLoadedEditorAssemblies (928ms)
				LogAssemblyErrors (0ms)
				InitializePlatformSupportModulesInManaged (10ms)
				SetLoadedEditorAssemblies (1ms)
				RefreshPlugins (2ms)
				BeforeProcessingInitializeOnLoad (95ms)
				ProcessInitializeOnLoadAttributes (767ms)
				ProcessInitializeOnLoadMethodAttributes (42ms)
				AfterProcessingInitializeOnLoad (11ms)
				EditorAssembliesLoaded (0ms)
			ExecutionOrderSort2 (0ms)
			AwakeInstancesAfterBackupRestoration (13ms)
Platform modules already initialized, skipping
Refreshing native plugins compatible for Editor in 1.64 ms, found 3 plugins.
Preloading 0 native plugins for Editor in 0.00 ms.
Unloading 3064 Unused Serialized files (Serialized files now loaded: 0)
Unloading 18 unused Assets / (21.9 KB). Loaded Objects now: 3584.
Memory consumption went from 109.1 MB to 109.0 MB.
Total: 5.734000 ms (FindLiveObjects: 0.616100 ms CreateObjectMapping: 0.248300 ms MarkObjects: 4.810000 ms  DeleteObjects: 0.057700 ms)

AssetImportParameters requested are different than current active one (requested -> active):
  custom:video-decoder-ogg-theora: a1e56fd34408186e4bbccfd4996cb3dc -> 
  custom:container-muxer-webm: aa71ff27fc2769a1b78a27578f13a17b -> 
  custom:container-demuxer-webm: 4f35f7cbe854078d1ac9338744f61a02 -> 
  custom:video-encoder-webm-vp8: eb34c28f22e8b96e1ab97ce403110664 -> 
  custom:video-codec-MediaFoundation-h265: 746d11721c4dcdbdad8f713fa42b33f4 -> 
  custom:CustomObjectIndexerAttribute: bc11b3a6c3213fcdd17b65e7da85e133 -> 
  custom:audio-encoder-webm-vorbis: bf7c407c2cedff20999df2af8eb42d56 -> 
  custom:framework-win-MediaFoundation: 216162199b28c13a410421893ffa2e32 -> 
  custom:SearchIndexIgnoredProperties: e643bd26f0fe6173181afceb89e7c659 -> 
  custom:container-demuxer-ogg: 62fdf1f143b41e24485cea50d1cbac27 -> 
  custom:video-decoder-webm-vp8: 9c59270c3fd7afecdb556c50c9e8de78 -> 
  custom:audio-decoder-ogg-vorbis: bf7c407c2cedff20999df2af8eb42d56 -> 
========================================================================
Received Prepare
Registering precompiled user dll's ...
Registered in 0.007182 seconds.
Begin MonoManager ReloadAssembly
Native extension for WindowsStandalone target not found
Refreshing native plugins compatible for Editor in 2.02 ms, found 3 plugins.
Preloading 0 native plugins for Editor in 0.00 ms.
[Package Manager] Server::EnsureServerProcessIsRunning -- launch failed, reason: Unity was launched with the -noUpm command-line argument
[Package Manager] Cannot connect to Unity Package Manager local server
Mono: successfully reloaded assembly
- Completed reload, in  2.035 seconds
Domain Reload Profiling:
	ReloadAssembly (2036ms)
		BeginReloadAssembly (258ms)
			ExecutionOrderSort (0ms)
			DisableScriptedObjects (8ms)
			BackupInstance (0ms)
			ReleaseScriptingObjects (0ms)
			CreateAndSetChildDomain (51ms)
		EndReloadAssembly (1591ms)
			LoadAssemblies (191ms)
			RebuildTransferFunctionScriptingTraits (0ms)
			SetupTypeCache (444ms)
			ReleaseScriptCaches (2ms)
			RebuildScriptCaches (73ms)
			SetupLoadedEditorAssemblies (879ms)
				LogAssemblyErrors (0ms)
				InitializePlatformSupportModulesInManaged (12ms)
				SetLoadedEditorAssemblies (1ms)
				RefreshPlugins (2ms)
				BeforeProcessingInitializeOnLoad (105ms)
				ProcessInitializeOnLoadAttributes (726ms)
				ProcessInitializeOnLoadMethodAttributes (26ms)
				AfterProcessingInitializeOnLoad (7ms)
				EditorAssembliesLoaded (0ms)
			ExecutionOrderSort2 (0ms)
			AwakeInstancesAfterBackupRestoration (7ms)
Platform modules already initialized, skipping
Refreshing native plugins compatible for Editor in 0.69 ms, found 3 plugins.
Preloading 0 native plugins for Editor in 0.00 ms.
Unloading 3064 Unused Serialized files (Serialized files now loaded: 0)
Unloading 18 unused Assets / (21.9 KB). Loaded Objects now: 3587.
Memory consumption went from 109.1 MB to 109.0 MB.
Total: 3.566000 ms (FindLiveObjects: 0.331900 ms CreateObjectMapping: 0.118500 ms MarkObjects: 3.073600 ms  DeleteObjects: 0.040700 ms)

AssetImportParameters requested are different than current active one (requested -> active):
  custom:video-decoder-ogg-theora: a1e56fd34408186e4bbccfd4996cb3dc -> 
  custom:container-muxer-webm: aa71ff27fc2769a1b78a27578f13a17b -> 
  custom:container-demuxer-webm: 4f35f7cbe854078d1ac9338744f61a02 -> 
  custom:video-encoder-webm-vp8: eb34c28f22e8b96e1ab97ce403110664 -> 
  custom:video-codec-MediaFoundation-h265: 746d11721c4dcdbdad8f713fa42b33f4 -> 
  custom:CustomObjectIndexerAttribute: bc11b3a6c3213fcdd17b65e7da85e133 -> 
  custom:audio-encoder-webm-vorbis: bf7c407c2cedff20999df2af8eb42d56 -> 
  custom:framework-win-MediaFoundation: 216162199b28c13a410421893ffa2e32 -> 
  custom:SearchIndexIgnoredProperties: e643bd26f0fe6173181afceb89e7c659 -> 
  custom:container-demuxer-ogg: 62fdf1f143b41e24485cea50d1cbac27 -> 
  custom:video-decoder-webm-vp8: 9c59270c3fd7afecdb556c50c9e8de78 -> 
  custom:audio-decoder-ogg-vorbis: bf7c407c2cedff20999df2af8eb42d56 -> 
========================================================================
Received Prepare
Registering precompiled user dll's ...
Registered in 0.008141 seconds.
Begin MonoManager ReloadAssembly
Native extension for WindowsStandalone target not found
Refreshing native plugins compatible for Editor in 1.20 ms, found 3 plugins.
Preloading 0 native plugins for Editor in 0.00 ms.
[Package Manager] Server::EnsureServerProcessIsRunning -- launch failed, reason: Unity was launched with the -noUpm command-line argument
[Package Manager] Cannot connect to Unity Package Manager local server
Mono: successfully reloaded assembly
- Completed reload, in  2.306 seconds
Domain Reload Profiling:
	ReloadAssembly (2308ms)
		BeginReloadAssembly (253ms)
			ExecutionOrderSort (0ms)
			DisableScriptedObjects (8ms)
			BackupInstance (0ms)
			ReleaseScriptingObjects (0ms)
			CreateAndSetChildDomain (60ms)
		EndReloadAssembly (1895ms)
			LoadAssemblies (175ms)
			RebuildTransferFunctionScriptingTraits (0ms)
			SetupTypeCache (543ms)
			ReleaseScriptCaches (3ms)
			RebuildScriptCaches (83ms)
			SetupLoadedEditorAssemblies (1049ms)
				LogAssemblyErrors (0ms)
				InitializePlatformSupportModulesInManaged (10ms)
				SetLoadedEditorAssemblies (1ms)
				RefreshPlugins (1ms)
				BeforeProcessingInitializeOnLoad (105ms)
				ProcessInitializeOnLoadAttributes (876ms)
				ProcessInitializeOnLoadMethodAttributes (46ms)
				AfterProcessingInitializeOnLoad (10ms)
				EditorAssembliesLoaded (0ms)
			ExecutionOrderSort2 (0ms)
			AwakeInstancesAfterBackupRestoration (14ms)
Platform modules already initialized, skipping
Refreshing native plugins compatible for Editor in 1.27 ms, found 3 plugins.
Preloading 0 native plugins for Editor in 0.00 ms.
Unloading 3064 Unused Serialized files (Serialized files now loaded: 0)
Unloading 18 unused Assets / (21.9 KB). Loaded Objects now: 3590.
Memory consumption went from 109.1 MB to 109.1 MB.
Total: 5.216900 ms (FindLiveObjects: 0.686000 ms CreateObjectMapping: 0.270200 ms MarkObjects: 3.974500 ms  DeleteObjects: 0.283900 ms)

AssetImportParameters requested are different than current active one (requested -> active):
  custom:video-decoder-ogg-theora: a1e56fd34408186e4bbccfd4996cb3dc -> 
  custom:container-muxer-webm: aa71ff27fc2769a1b78a27578f13a17b -> 
  custom:container-demuxer-webm: 4f35f7cbe854078d1ac9338744f61a02 -> 
  custom:video-encoder-webm-vp8: eb34c28f22e8b96e1ab97ce403110664 -> 
  custom:video-codec-MediaFoundation-h265: 746d11721c4dcdbdad8f713fa42b33f4 -> 
  custom:CustomObjectIndexerAttribute: bc11b3a6c3213fcdd17b65e7da85e133 -> 
  custom:audio-encoder-webm-vorbis: bf7c407c2cedff20999df2af8eb42d56 -> 
  custom:framework-win-MediaFoundation: 216162199b28c13a410421893ffa2e32 -> 
  custom:SearchIndexIgnoredProperties: e643bd26f0fe6173181afceb89e7c659 -> 
  custom:container-demuxer-ogg: 62fdf1f143b41e24485cea50d1cbac27 -> 
  custom:video-decoder-webm-vp8: 9c59270c3fd7afecdb556c50c9e8de78 -> 
  custom:audio-decoder-ogg-vorbis: bf7c407c2cedff20999df2af8eb42d56 -> 
========================================================================
Received Prepare
Registering precompiled user dll's ...
Registered in 0.007009 seconds.
Begin MonoManager ReloadAssembly
Native extension for WindowsStandalone target not found
Refreshing native plugins compatible for Editor in 1.35 ms, found 3 plugins.
Preloading 0 native plugins for Editor in 0.00 ms.
[Package Manager] Server::EnsureServerProcessIsRunning -- launch failed, reason: Unity was launched with the -noUpm command-line argument
[Package Manager] Cannot connect to Unity Package Manager local server
Mono: successfully reloaded assembly
- Completed reload, in  2.827 seconds
Domain Reload Profiling:
	ReloadAssembly (2829ms)
		BeginReloadAssembly (230ms)
			ExecutionOrderSort (0ms)
			DisableScriptedObjects (8ms)
			BackupInstance (0ms)
			ReleaseScriptingObjects (0ms)
			CreateAndSetChildDomain (53ms)
		EndReloadAssembly (2439ms)
			LoadAssemblies (155ms)
			RebuildTransferFunctionScriptingTraits (0ms)
			SetupTypeCache (959ms)
			ReleaseScriptCaches (2ms)
			RebuildScriptCaches (96ms)
			SetupLoadedEditorAssemblies (1130ms)
				LogAssemblyErrors (0ms)
				InitializePlatformSupportModulesInManaged (12ms)
				SetLoadedEditorAssemblies (1ms)
				RefreshPlugins (2ms)
				BeforeProcessingInitializeOnLoad (124ms)
				ProcessInitializeOnLoadAttributes (898ms)
				ProcessInitializeOnLoadMethodAttributes (78ms)
				AfterProcessingInitializeOnLoad (15ms)
				EditorAssembliesLoaded (0ms)
			ExecutionOrderSort2 (0ms)
			AwakeInstancesAfterBackupRestoration (13ms)
Platform modules already initialized, skipping
Refreshing native plugins compatible for Editor in 0.89 ms, found 3 plugins.
Preloading 0 native plugins for Editor in 0.00 ms.
Unloading 3064 Unused Serialized files (Serialized files now loaded: 0)
Unloading 18 unused Assets / (21.9 KB). Loaded Objects now: 3593.
Memory consumption went from 109.1 MB to 109.1 MB.
Total: 13.721300 ms (FindLiveObjects: 1.352700 ms CreateObjectMapping: 1.046500 ms MarkObjects: 11.137100 ms  DeleteObjects: 0.182800 ms)

AssetImportParameters requested are different than current active one (requested -> active):
  custom:video-decoder-ogg-theora: a1e56fd34408186e4bbccfd4996cb3dc -> 
  custom:container-muxer-webm: aa71ff27fc2769a1b78a27578f13a17b -> 
  custom:container-demuxer-webm: 4f35f7cbe854078d1ac9338744f61a02 -> 
  custom:video-encoder-webm-vp8: eb34c28f22e8b96e1ab97ce403110664 -> 
  custom:video-codec-MediaFoundation-h265: 746d11721c4dcdbdad8f713fa42b33f4 -> 
  custom:CustomObjectIndexerAttribute: bc11b3a6c3213fcdd17b65e7da85e133 -> 
  custom:audio-encoder-webm-vorbis: bf7c407c2cedff20999df2af8eb42d56 -> 
  custom:framework-win-MediaFoundation: 216162199b28c13a410421893ffa2e32 -> 
  custom:SearchIndexIgnoredProperties: e643bd26f0fe6173181afceb89e7c659 -> 
  custom:container-demuxer-ogg: 62fdf1f143b41e24485cea50d1cbac27 -> 
  custom:video-decoder-webm-vp8: 9c59270c3fd7afecdb556c50c9e8de78 -> 
  custom:audio-decoder-ogg-vorbis: bf7c407c2cedff20999df2af8eb42d56 -> 
========================================================================
Received Prepare
Registering precompiled user dll's ...
Registered in 0.005657 seconds.
Begin MonoManager ReloadAssembly
Native extension for WindowsStandalone target not found
Refreshing native plugins compatible for Editor in 1.25 ms, found 3 plugins.
Preloading 0 native plugins for Editor in 0.00 ms.
[Package Manager] Server::EnsureServerProcessIsRunning -- launch failed, reason: Unity was launched with the -noUpm command-line argument
[Package Manager] Cannot connect to Unity Package Manager local server
Mono: successfully reloaded assembly
- Completed reload, in  2.380 seconds
Domain Reload Profiling:
	ReloadAssembly (2381ms)
		BeginReloadAssembly (218ms)
			ExecutionOrderSort (0ms)
			DisableScriptedObjects (8ms)
			BackupInstance (0ms)
			ReleaseScriptingObjects (0ms)
			CreateAndSetChildDomain (45ms)
		EndReloadAssembly (1993ms)
			LoadAssemblies (172ms)
			RebuildTransferFunctionScriptingTraits (0ms)
			SetupTypeCache (544ms)
			ReleaseScriptCaches (3ms)
			RebuildScriptCaches (79ms)
			SetupLoadedEditorAssemblies (1134ms)
				LogAssemblyErrors (0ms)
				InitializePlatformSupportModulesInManaged (10ms)
				SetLoadedEditorAssemblies (1ms)
				RefreshPlugins (1ms)
				BeforeProcessingInitializeOnLoad (100ms)
				ProcessInitializeOnLoadAttributes (955ms)
				ProcessInitializeOnLoadMethodAttributes (57ms)
				AfterProcessingInitializeOnLoad (10ms)
				EditorAssembliesLoaded (0ms)
			ExecutionOrderSort2 (0ms)
			AwakeInstancesAfterBackupRestoration (15ms)
Platform modules already initialized, skipping
Refreshing native plugins compatible for Editor in 1.16 ms, found 3 plugins.
Preloading 0 native plugins for Editor in 0.00 ms.
Unloading 3064 Unused Serialized files (Serialized files now loaded: 0)
Unloading 18 unused Assets / (22.0 KB). Loaded Objects now: 3596.
Memory consumption went from 109.1 MB to 109.1 MB.
Total: 5.081000 ms (FindLiveObjects: 0.839700 ms CreateObjectMapping: 0.207400 ms MarkObjects: 3.986500 ms  DeleteObjects: 0.044600 ms)

AssetImportParameters requested are different than current active one (requested -> active):
  custom:video-decoder-ogg-theora: a1e56fd34408186e4bbccfd4996cb3dc -> 
  custom:container-muxer-webm: aa71ff27fc2769a1b78a27578f13a17b -> 
  custom:container-demuxer-webm: 4f35f7cbe854078d1ac9338744f61a02 -> 
  custom:video-encoder-webm-vp8: eb34c28f22e8b96e1ab97ce403110664 -> 
  custom:video-codec-MediaFoundation-h265: 746d11721c4dcdbdad8f713fa42b33f4 -> 
  custom:CustomObjectIndexerAttribute: bc11b3a6c3213fcdd17b65e7da85e133 -> 
  custom:audio-encoder-webm-vorbis: bf7c407c2cedff20999df2af8eb42d56 -> 
  custom:framework-win-MediaFoundation: 216162199b28c13a410421893ffa2e32 -> 
  custom:SearchIndexIgnoredProperties: e643bd26f0fe6173181afceb89e7c659 -> 
  custom:container-demuxer-ogg: 62fdf1f143b41e24485cea50d1cbac27 -> 
  custom:video-decoder-webm-vp8: 9c59270c3fd7afecdb556c50c9e8de78 -> 
  custom:audio-decoder-ogg-vorbis: bf7c407c2cedff20999df2af8eb42d56 -> 
========================================================================
Received Prepare
Registering precompiled user dll's ...
Registered in 0.008424 seconds.
Begin MonoManager ReloadAssembly
Native extension for WindowsStandalone target not found
Refreshing native plugins compatible for Editor in 1.10 ms, found 3 plugins.
Preloading 0 native plugins for Editor in 0.00 ms.
[Package Manager] Server::EnsureServerProcessIsRunning -- launch failed, reason: Unity was launched with the -noUpm command-line argument
[Package Manager] Cannot connect to Unity Package Manager local server
Mono: successfully reloaded assembly
- Completed reload, in  1.934 seconds
Domain Reload Profiling:
	ReloadAssembly (1935ms)
		BeginReloadAssembly (239ms)
			ExecutionOrderSort (0ms)
			DisableScriptedObjects (8ms)
			BackupInstance (0ms)
			ReleaseScriptingObjects (0ms)
			CreateAndSetChildDomain (55ms)
		EndReloadAssembly (1541ms)
			LoadAssemblies (159ms)
			RebuildTransferFunctionScriptingTraits (0ms)
			SetupTypeCache (451ms)
			ReleaseScriptCaches (3ms)
			RebuildScriptCaches (91ms)
			SetupLoadedEditorAssemblies (788ms)
				LogAssemblyErrors (0ms)
				InitializePlatformSupportModulesInManaged (10ms)
				SetLoadedEditorAssemblies (1ms)
				RefreshPlugins (1ms)
				BeforeProcessingInitializeOnLoad (79ms)
				ProcessInitializeOnLoadAttributes (650ms)
				ProcessInitializeOnLoadMethodAttributes (36ms)
				AfterProcessingInitializeOnLoad (11ms)
				EditorAssembliesLoaded (0ms)
			ExecutionOrderSort2 (0ms)
			AwakeInstancesAfterBackupRestoration (9ms)
Platform modules already initialized, skipping
Refreshing native plugins compatible for Editor in 0.96 ms, found 3 plugins.
Preloading 0 native plugins for Editor in 0.00 ms.
Unloading 3064 Unused Serialized files (Serialized files now loaded: 0)
Unloading 18 unused Assets / (21.9 KB). Loaded Objects now: 3599.
Memory consumption went from 109.1 MB to 109.1 MB.
Total: 4.704000 ms (FindLiveObjects: 0.393300 ms CreateObjectMapping: 0.214300 ms MarkObjects: 4.049500 ms  DeleteObjects: 0.045000 ms)

AssetImportParameters requested are different than current active one (requested -> active):
  custom:video-decoder-ogg-theora: a1e56fd34408186e4bbccfd4996cb3dc -> 
  custom:container-muxer-webm: aa71ff27fc2769a1b78a27578f13a17b -> 
  custom:container-demuxer-webm: 4f35f7cbe854078d1ac9338744f61a02 -> 
  custom:video-encoder-webm-vp8: eb34c28f22e8b96e1ab97ce403110664 -> 
  custom:video-codec-MediaFoundation-h265: 746d11721c4dcdbdad8f713fa42b33f4 -> 
  custom:CustomObjectIndexerAttribute: bc11b3a6c3213fcdd17b65e7da85e133 -> 
  custom:audio-encoder-webm-vorbis: bf7c407c2cedff20999df2af8eb42d56 -> 
  custom:framework-win-MediaFoundation: 216162199b28c13a410421893ffa2e32 -> 
  custom:SearchIndexIgnoredProperties: e643bd26f0fe6173181afceb89e7c659 -> 
  custom:container-demuxer-ogg: 62fdf1f143b41e24485cea50d1cbac27 -> 
  custom:video-decoder-webm-vp8: 9c59270c3fd7afecdb556c50c9e8de78 -> 
  custom:audio-decoder-ogg-vorbis: bf7c407c2cedff20999df2af8eb42d56 -> 
========================================================================
Received Prepare
Registering precompiled user dll's ...
Registered in 0.008227 seconds.
Begin MonoManager ReloadAssembly
Native extension for WindowsStandalone target not found
Refreshing native plugins compatible for Editor in 0.94 ms, found 3 plugins.
Preloading 0 native plugins for Editor in 0.00 ms.
[Package Manager] Server::EnsureServerProcessIsRunning -- launch failed, reason: Unity was launched with the -noUpm command-line argument
[Package Manager] Cannot connect to Unity Package Manager local server
Mono: successfully reloaded assembly
- Completed reload, in  2.327 seconds
Domain Reload Profiling:
	ReloadAssembly (2328ms)
		BeginReloadAssembly (282ms)
			ExecutionOrderSort (0ms)
			DisableScriptedObjects (11ms)
			BackupInstance (0ms)
			ReleaseScriptingObjects (0ms)
			CreateAndSetChildDomain (75ms)
		EndReloadAssembly (1875ms)
			LoadAssemblies (187ms)
			RebuildTransferFunctionScriptingTraits (0ms)
			SetupTypeCache (502ms)
			ReleaseScriptCaches (2ms)
			RebuildScriptCaches (89ms)
			SetupLoadedEditorAssemblies (1058ms)
				LogAssemblyErrors (0ms)
				InitializePlatformSupportModulesInManaged (10ms)
				SetLoadedEditorAssemblies (1ms)
				RefreshPlugins (1ms)
				BeforeProcessingInitializeOnLoad (123ms)
				ProcessInitializeOnLoadAttributes (861ms)
				ProcessInitializeOnLoadMethodAttributes (48ms)
				AfterProcessingInitializeOnLoad (13ms)
				EditorAssembliesLoaded (0ms)
			ExecutionOrderSort2 (0ms)
			AwakeInstancesAfterBackupRestoration (12ms)
Platform modules already initialized, skipping
Refreshing native plugins compatible for Editor in 1.71 ms, found 3 plugins.
Preloading 0 native plugins for Editor in 0.00 ms.
Unloading 3064 Unused Serialized files (Serialized files now loaded: 0)
Unloading 18 unused Assets / (21.9 KB). Loaded Objects now: 3602.
Memory consumption went from 109.1 MB to 109.1 MB.
Total: 6.096900 ms (FindLiveObjects: 1.153600 ms CreateObjectMapping: 0.325000 ms MarkObjects: 4.548800 ms  DeleteObjects: 0.066400 ms)

AssetImportParameters requested are different than current active one (requested -> active):
  custom:video-decoder-ogg-theora: a1e56fd34408186e4bbccfd4996cb3dc -> 
  custom:container-muxer-webm: aa71ff27fc2769a1b78a27578f13a17b -> 
  custom:container-demuxer-webm: 4f35f7cbe854078d1ac9338744f61a02 -> 
  custom:video-encoder-webm-vp8: eb34c28f22e8b96e1ab97ce403110664 -> 
  custom:video-codec-MediaFoundation-h265: 746d11721c4dcdbdad8f713fa42b33f4 -> 
  custom:CustomObjectIndexerAttribute: bc11b3a6c3213fcdd17b65e7da85e133 -> 
  custom:audio-encoder-webm-vorbis: bf7c407c2cedff20999df2af8eb42d56 -> 
  custom:framework-win-MediaFoundation: 216162199b28c13a410421893ffa2e32 -> 
  custom:SearchIndexIgnoredProperties: e643bd26f0fe6173181afceb89e7c659 -> 
  custom:container-demuxer-ogg: 62fdf1f143b41e24485cea50d1cbac27 -> 
  custom:video-decoder-webm-vp8: 9c59270c3fd7afecdb556c50c9e8de78 -> 
  custom:audio-decoder-ogg-vorbis: bf7c407c2cedff20999df2af8eb42d56 -> 
========================================================================
Received Prepare
Registering precompiled user dll's ...
Registered in 0.010048 seconds.
Begin MonoManager ReloadAssembly
Native extension for WindowsStandalone target not found
Refreshing native plugins compatible for Editor in 1.02 ms, found 3 plugins.
Preloading 0 native plugins for Editor in 0.00 ms.
[Package Manager] Server::EnsureServerProcessIsRunning -- launch failed, reason: Unity was launched with the -noUpm command-line argument
[Package Manager] Cannot connect to Unity Package Manager local server
Mono: successfully reloaded assembly
- Completed reload, in  1.716 seconds
Domain Reload Profiling:
	ReloadAssembly (1717ms)
		BeginReloadAssembly (191ms)
			ExecutionOrderSort (0ms)
			DisableScriptedObjects (9ms)
			BackupInstance (0ms)
			ReleaseScriptingObjects (0ms)
			CreateAndSetChildDomain (47ms)
		EndReloadAssembly (1388ms)
			LoadAssemblies (132ms)
			RebuildTransferFunctionScriptingTraits (0ms)
			SetupTypeCache (386ms)
			ReleaseScriptCaches (1ms)
			RebuildScriptCaches (56ms)
			SetupLoadedEditorAssemblies (783ms)
				LogAssemblyErrors (0ms)
				InitializePlatformSupportModulesInManaged (6ms)
				SetLoadedEditorAssemblies (1ms)
				RefreshPlugins (1ms)
				BeforeProcessingInitializeOnLoad (74ms)
				ProcessInitializeOnLoadAttributes (665ms)
				ProcessInitializeOnLoadMethodAttributes (26ms)
				AfterProcessingInitializeOnLoad (8ms)
				EditorAssembliesLoaded (0ms)
			ExecutionOrderSort2 (0ms)
			AwakeInstancesAfterBackupRestoration (7ms)
Platform modules already initialized, skipping
Refreshing native plugins compatible for Editor in 0.66 ms, found 3 plugins.
Preloading 0 native plugins for Editor in 0.00 ms.
Unloading 3064 Unused Serialized files (Serialized files now loaded: 0)
Unloading 18 unused Assets / (21.9 KB). Loaded Objects now: 3605.
Memory consumption went from 109.1 MB to 109.1 MB.
Total: 4.291700 ms (FindLiveObjects: 0.357500 ms CreateObjectMapping: 0.125200 ms MarkObjects: 3.771300 ms  DeleteObjects: 0.036100 ms)

AssetImportParameters requested are different than current active one (requested -> active):
  custom:video-decoder-ogg-theora: a1e56fd34408186e4bbccfd4996cb3dc -> 
  custom:container-muxer-webm: aa71ff27fc2769a1b78a27578f13a17b -> 
  custom:container-demuxer-webm: 4f35f7cbe854078d1ac9338744f61a02 -> 
  custom:video-encoder-webm-vp8: eb34c28f22e8b96e1ab97ce403110664 -> 
  custom:video-codec-MediaFoundation-h265: 746d11721c4dcdbdad8f713fa42b33f4 -> 
  custom:CustomObjectIndexerAttribute: bc11b3a6c3213fcdd17b65e7da85e133 -> 
  custom:audio-encoder-webm-vorbis: bf7c407c2cedff20999df2af8eb42d56 -> 
  custom:framework-win-MediaFoundation: 216162199b28c13a410421893ffa2e32 -> 
  custom:SearchIndexIgnoredProperties: e643bd26f0fe6173181afceb89e7c659 -> 
  custom:container-demuxer-ogg: 62fdf1f143b41e24485cea50d1cbac27 -> 
  custom:video-decoder-webm-vp8: 9c59270c3fd7afecdb556c50c9e8de78 -> 
  custom:audio-decoder-ogg-vorbis: bf7c407c2cedff20999df2af8eb42d56 -> 
========================================================================
Received Prepare
Registering precompiled user dll's ...
Registered in 0.009352 seconds.
Begin MonoManager ReloadAssembly
Native extension for WindowsStandalone target not found
Refreshing native plugins compatible for Editor in 0.77 ms, found 3 plugins.
Preloading 0 native plugins for Editor in 0.00 ms.
[Package Manager] Server::EnsureServerProcessIsRunning -- launch failed, reason: Unity was launched with the -noUpm command-line argument
[Package Manager] Cannot connect to Unity Package Manager local server
Mono: successfully reloaded assembly
- Completed reload, in  2.210 seconds
Domain Reload Profiling:
	ReloadAssembly (2212ms)
		BeginReloadAssembly (229ms)
			ExecutionOrderSort (0ms)
			DisableScriptedObjects (8ms)
			BackupInstance (0ms)
			ReleaseScriptingObjects (0ms)
			CreateAndSetChildDomain (47ms)
		EndReloadAssembly (1824ms)
			LoadAssemblies (157ms)
			RebuildTransferFunctionScriptingTraits (0ms)
			SetupTypeCache (521ms)
			ReleaseScriptCaches (2ms)
			RebuildScriptCaches (83ms)
			SetupLoadedEditorAssemblies (998ms)
				LogAssemblyErrors (0ms)
				InitializePlatformSupportModulesInManaged (13ms)
				SetLoadedEditorAssemblies (1ms)
				RefreshPlugins (1ms)
				BeforeProcessingInitializeOnLoad (112ms)
				ProcessInitializeOnLoadAttributes (815ms)
				ProcessInitializeOnLoadMethodAttributes (46ms)
				AfterProcessingInitializeOnLoad (10ms)
				EditorAssembliesLoaded (0ms)
			ExecutionOrderSort2 (0ms)
			AwakeInstancesAfterBackupRestoration (13ms)
Platform modules already initialized, skipping
Refreshing native plugins compatible for Editor in 1.08 ms, found 3 plugins.
Preloading 0 native plugins for Editor in 0.00 ms.
Unloading 3064 Unused Serialized files (Serialized files now loaded: 0)
Unloading 18 unused Assets / (21.9 KB). Loaded Objects now: 3608.
Memory consumption went from 109.1 MB to 109.1 MB.
Total: 6.378800 ms (FindLiveObjects: 0.595400 ms CreateObjectMapping: 0.161500 ms MarkObjects: 5.552200 ms  DeleteObjects: 0.067400 ms)

AssetImportParameters requested are different than current active one (requested -> active):
  custom:video-decoder-ogg-theora: a1e56fd34408186e4bbccfd4996cb3dc -> 
  custom:container-muxer-webm: aa71ff27fc2769a1b78a27578f13a17b -> 
  custom:container-demuxer-webm: 4f35f7cbe854078d1ac9338744f61a02 -> 
  custom:video-encoder-webm-vp8: eb34c28f22e8b96e1ab97ce403110664 -> 
  custom:video-codec-MediaFoundation-h265: 746d11721c4dcdbdad8f713fa42b33f4 -> 
  custom:CustomObjectIndexerAttribute: bc11b3a6c3213fcdd17b65e7da85e133 -> 
  custom:audio-encoder-webm-vorbis: bf7c407c2cedff20999df2af8eb42d56 -> 
  custom:framework-win-MediaFoundation: 216162199b28c13a410421893ffa2e32 -> 
  custom:SearchIndexIgnoredProperties: e643bd26f0fe6173181afceb89e7c659 -> 
  custom:container-demuxer-ogg: 62fdf1f143b41e24485cea50d1cbac27 -> 
  custom:video-decoder-webm-vp8: 9c59270c3fd7afecdb556c50c9e8de78 -> 
  custom:audio-decoder-ogg-vorbis: bf7c407c2cedff20999df2af8eb42d56 -> 
========================================================================
Received Prepare
Registering precompiled user dll's ...
Registered in 0.006678 seconds.
Begin MonoManager ReloadAssembly
Native extension for WindowsStandalone target not found
Refreshing native plugins compatible for Editor in 1.19 ms, found 3 plugins.
Preloading 0 native plugins for Editor in 0.00 ms.
[Package Manager] Server::EnsureServerProcessIsRunning -- launch failed, reason: Unity was launched with the -noUpm command-line argument
[Package Manager] Cannot connect to Unity Package Manager local server
Mono: successfully reloaded assembly
- Completed reload, in  2.186 seconds
Domain Reload Profiling:
	ReloadAssembly (2187ms)
		BeginReloadAssembly (276ms)
			ExecutionOrderSort (0ms)
			DisableScriptedObjects (8ms)
			BackupInstance (0ms)
			ReleaseScriptingObjects (0ms)
			CreateAndSetChildDomain (54ms)
		EndReloadAssembly (1745ms)
			LoadAssemblies (212ms)
			RebuildTransferFunctionScriptingTraits (0ms)
			SetupTypeCache (517ms)
			ReleaseScriptCaches (2ms)
			RebuildScriptCaches (75ms)
			SetupLoadedEditorAssemblies (936ms)
				LogAssemblyErrors (0ms)
				InitializePlatformSupportModulesInManaged (8ms)
				SetLoadedEditorAssemblies (1ms)
				RefreshPlugins (1ms)
				BeforeProcessingInitializeOnLoad (109ms)
				ProcessInitializeOnLoadAttributes (783ms)
				ProcessInitializeOnLoadMethodAttributes (27ms)
				AfterProcessingInitializeOnLoad (8ms)
				EditorAssembliesLoaded (0ms)
			ExecutionOrderSort2 (0ms)
			AwakeInstancesAfterBackupRestoration (8ms)
Platform modules already initialized, skipping
Refreshing native plugins compatible for Editor in 1.18 ms, found 3 plugins.
Preloading 0 native plugins for Editor in 0.00 ms.
Unloading 3064 Unused Serialized files (Serialized files now loaded: 0)
Unloading 18 unused Assets / (21.9 KB). Loaded Objects now: 3611.
Memory consumption went from 109.1 MB to 109.1 MB.
Total: 5.412200 ms (FindLiveObjects: 0.666100 ms CreateObjectMapping: 0.443900 ms MarkObjects: 4.237600 ms  DeleteObjects: 0.062600 ms)

AssetImportParameters requested are different than current active one (requested -> active):
  custom:video-decoder-ogg-theora: a1e56fd34408186e4bbccfd4996cb3dc -> 
  custom:container-muxer-webm: aa71ff27fc2769a1b78a27578f13a17b -> 
  custom:container-demuxer-webm: 4f35f7cbe854078d1ac9338744f61a02 -> 
  custom:video-encoder-webm-vp8: eb34c28f22e8b96e1ab97ce403110664 -> 
  custom:video-codec-MediaFoundation-h265: 746d11721c4dcdbdad8f713fa42b33f4 -> 
  custom:CustomObjectIndexerAttribute: bc11b3a6c3213fcdd17b65e7da85e133 -> 
  custom:audio-encoder-webm-vorbis: bf7c407c2cedff20999df2af8eb42d56 -> 
  custom:framework-win-MediaFoundation: 216162199b28c13a410421893ffa2e32 -> 
  custom:SearchIndexIgnoredProperties: e643bd26f0fe6173181afceb89e7c659 -> 
  custom:container-demuxer-ogg: 62fdf1f143b41e24485cea50d1cbac27 -> 
  custom:video-decoder-webm-vp8: 9c59270c3fd7afecdb556c50c9e8de78 -> 
  custom:audio-decoder-ogg-vorbis: bf7c407c2cedff20999df2af8eb42d56 -> 
========================================================================
Received Prepare
Registering precompiled user dll's ...
Registered in 0.006848 seconds.
Begin MonoManager ReloadAssembly
Native extension for WindowsStandalone target not found
Refreshing native plugins compatible for Editor in 0.94 ms, found 3 plugins.
Preloading 0 native plugins for Editor in 0.00 ms.
[Package Manager] Server::EnsureServerProcessIsRunning -- launch failed, reason: Unity was launched with the -noUpm command-line argument
[Package Manager] Cannot connect to Unity Package Manager local server
Mono: successfully reloaded assembly
- Completed reload, in  2.000 seconds
Domain Reload Profiling:
	ReloadAssembly (2002ms)
		BeginReloadAssembly (234ms)
			ExecutionOrderSort (0ms)
			DisableScriptedObjects (10ms)
			BackupInstance (0ms)
			ReleaseScriptingObjects (0ms)
			CreateAndSetChildDomain (58ms)
		EndReloadAssembly (1621ms)
			LoadAssemblies (144ms)
			RebuildTransferFunctionScriptingTraits (0ms)
			SetupTypeCache (466ms)
			ReleaseScriptCaches (2ms)
			RebuildScriptCaches (84ms)
			SetupLoadedEditorAssemblies (894ms)
				LogAssemblyErrors (0ms)
				InitializePlatformSupportModulesInManaged (9ms)
				SetLoadedEditorAssemblies (1ms)
				RefreshPlugins (1ms)
				BeforeProcessingInitializeOnLoad (90ms)
				ProcessInitializeOnLoadAttributes (743ms)
				ProcessInitializeOnLoadMethodAttributes (41ms)
				AfterProcessingInitializeOnLoad (9ms)
				EditorAssembliesLoaded (0ms)
			ExecutionOrderSort2 (0ms)
			AwakeInstancesAfterBackupRestoration (10ms)
Platform modules already initialized, skipping
Refreshing native plugins compatible for Editor in 0.88 ms, found 3 plugins.
Preloading 0 native plugins for Editor in 0.00 ms.
Unloading 3064 Unused Serialized files (Serialized files now loaded: 0)
Unloading 18 unused Assets / (21.9 KB). Loaded Objects now: 3614.
Memory consumption went from 109.1 MB to 109.1 MB.
Total: 4.894500 ms (FindLiveObjects: 0.719700 ms CreateObjectMapping: 0.155100 ms MarkObjects: 3.976600 ms  DeleteObjects: 0.041200 ms)

AssetImportParameters requested are different than current active one (requested -> active):
  custom:video-decoder-ogg-theora: a1e56fd34408186e4bbccfd4996cb3dc -> 
  custom:container-muxer-webm: aa71ff27fc2769a1b78a27578f13a17b -> 
  custom:container-demuxer-webm: 4f35f7cbe854078d1ac9338744f61a02 -> 
  custom:video-encoder-webm-vp8: eb34c28f22e8b96e1ab97ce403110664 -> 
  custom:video-codec-MediaFoundation-h265: 746d11721c4dcdbdad8f713fa42b33f4 -> 
  custom:CustomObjectIndexerAttribute: bc11b3a6c3213fcdd17b65e7da85e133 -> 
  custom:audio-encoder-webm-vorbis: bf7c407c2cedff20999df2af8eb42d56 -> 
  custom:framework-win-MediaFoundation: 216162199b28c13a410421893ffa2e32 -> 
  custom:SearchIndexIgnoredProperties: e643bd26f0fe6173181afceb89e7c659 -> 
  custom:container-demuxer-ogg: 62fdf1f143b41e24485cea50d1cbac27 -> 
  custom:video-decoder-webm-vp8: 9c59270c3fd7afecdb556c50c9e8de78 -> 
  custom:audio-decoder-ogg-vorbis: bf7c407c2cedff20999df2af8eb42d56 -> 
========================================================================
Received Prepare
Registering precompiled user dll's ...
Registered in 0.006036 seconds.
Begin MonoManager ReloadAssembly
Native extension for WindowsStandalone target not found
Refreshing native plugins compatible for Editor in 1.30 ms, found 3 plugins.
Preloading 0 native plugins for Editor in 0.00 ms.
[Package Manager] Server::EnsureServerProcessIsRunning -- launch failed, reason: Unity was launched with the -noUpm command-line argument
[Package Manager] Cannot connect to Unity Package Manager local server
Mono: successfully reloaded assembly
- Completed reload, in  2.290 seconds
Domain Reload Profiling:
	ReloadAssembly (2292ms)
		BeginReloadAssembly (251ms)
			ExecutionOrderSort (0ms)
			DisableScriptedObjects (9ms)
			BackupInstance (0ms)
			ReleaseScriptingObjects (0ms)
			CreateAndSetChildDomain (67ms)
		EndReloadAssembly (1862ms)
			LoadAssemblies (158ms)
			RebuildTransferFunctionScriptingTraits (0ms)
			SetupTypeCache (503ms)
			ReleaseScriptCaches (2ms)
			RebuildScriptCaches (74ms)
			SetupLoadedEditorAssemblies (1052ms)
				LogAssemblyErrors (0ms)
				InitializePlatformSupportModulesInManaged (12ms)
				SetLoadedEditorAssemblies (2ms)
				RefreshPlugins (1ms)
				BeforeProcessingInitializeOnLoad (124ms)
				ProcessInitializeOnLoadAttributes (856ms)
				ProcessInitializeOnLoadMethodAttributes (45ms)
				AfterProcessingInitializeOnLoad (11ms)
				EditorAssembliesLoaded (0ms)
			ExecutionOrderSort2 (0ms)
			AwakeInstancesAfterBackupRestoration (15ms)
Platform modules already initialized, skipping
Refreshing native plugins compatible for Editor in 1.45 ms, found 3 plugins.
Preloading 0 native plugins for Editor in 0.00 ms.
Unloading 3064 Unused Serialized files (Serialized files now loaded: 0)
Unloading 18 unused Assets / (21.9 KB). Loaded Objects now: 3617.
Memory consumption went from 109.2 MB to 109.1 MB.
Total: 5.917700 ms (FindLiveObjects: 0.570700 ms CreateObjectMapping: 0.348100 ms MarkObjects: 4.929300 ms  DeleteObjects: 0.066800 ms)

AssetImportParameters requested are different than current active one (requested -> active):
  custom:video-decoder-ogg-theora: a1e56fd34408186e4bbccfd4996cb3dc -> 
  custom:container-muxer-webm: aa71ff27fc2769a1b78a27578f13a17b -> 
  custom:container-demuxer-webm: 4f35f7cbe854078d1ac9338744f61a02 -> 
  custom:video-encoder-webm-vp8: eb34c28f22e8b96e1ab97ce403110664 -> 
  custom:video-codec-MediaFoundation-h265: 746d11721c4dcdbdad8f713fa42b33f4 -> 
  custom:CustomObjectIndexerAttribute: bc11b3a6c3213fcdd17b65e7da85e133 -> 
  custom:audio-encoder-webm-vorbis: bf7c407c2cedff20999df2af8eb42d56 -> 
  custom:framework-win-MediaFoundation: 216162199b28c13a410421893ffa2e32 -> 
  custom:SearchIndexIgnoredProperties: e643bd26f0fe6173181afceb89e7c659 -> 
  custom:container-demuxer-ogg: 62fdf1f143b41e24485cea50d1cbac27 -> 
  custom:video-decoder-webm-vp8: 9c59270c3fd7afecdb556c50c9e8de78 -> 
  custom:audio-decoder-ogg-vorbis: bf7c407c2cedff20999df2af8eb42d56 -> 
========================================================================
Received Prepare
Registering precompiled user dll's ...
Registered in 0.011704 seconds.
Begin MonoManager ReloadAssembly
Native extension for WindowsStandalone target not found
Refreshing native plugins compatible for Editor in 1.09 ms, found 3 plugins.
Preloading 0 native plugins for Editor in 0.00 ms.
[Package Manager] Server::EnsureServerProcessIsRunning -- launch failed, reason: Unity was launched with the -noUpm command-line argument
[Package Manager] Cannot connect to Unity Package Manager local server
Mono: successfully reloaded assembly
- Completed reload, in  1.603 seconds
Domain Reload Profiling:
	ReloadAssembly (1604ms)
		BeginReloadAssembly (197ms)
			ExecutionOrderSort (0ms)
			DisableScriptedObjects (9ms)
			BackupInstance (0ms)
			ReleaseScriptingObjects (0ms)
			CreateAndSetChildDomain (51ms)
		EndReloadAssembly (1288ms)
			LoadAssemblies (120ms)
			RebuildTransferFunctionScriptingTraits (0ms)
			SetupTypeCache (334ms)
			ReleaseScriptCaches (2ms)
			RebuildScriptCaches (66ms)
			SetupLoadedEditorAssemblies (739ms)
				LogAssemblyErrors (0ms)
				InitializePlatformSupportModulesInManaged (6ms)
				SetLoadedEditorAssemblies (1ms)
				RefreshPlugins (1ms)
				BeforeProcessingInitializeOnLoad (76ms)
				ProcessInitializeOnLoadAttributes (629ms)
				ProcessInitializeOnLoadMethodAttributes (21ms)
				AfterProcessingInitializeOnLoad (5ms)
				EditorAssembliesLoaded (0ms)
			ExecutionOrderSort2 (0ms)
			AwakeInstancesAfterBackupRestoration (6ms)
Platform modules already initialized, skipping
Refreshing native plugins compatible for Editor in 0.66 ms, found 3 plugins.
Preloading 0 native plugins for Editor in 0.00 ms.
Unloading 3064 Unused Serialized files (Serialized files now loaded: 0)
Unloading 18 unused Assets / (22.0 KB). Loaded Objects now: 3620.
Memory consumption went from 109.2 MB to 109.1 MB.
Total: 3.585700 ms (FindLiveObjects: 0.322400 ms CreateObjectMapping: 0.099900 ms MarkObjects: 3.127500 ms  DeleteObjects: 0.034600 ms)

AssetImportParameters requested are different than current active one (requested -> active):
  custom:video-decoder-ogg-theora: a1e56fd34408186e4bbccfd4996cb3dc -> 
  custom:container-muxer-webm: aa71ff27fc2769a1b78a27578f13a17b -> 
  custom:container-demuxer-webm: 4f35f7cbe854078d1ac9338744f61a02 -> 
  custom:video-encoder-webm-vp8: eb34c28f22e8b96e1ab97ce403110664 -> 
  custom:video-codec-MediaFoundation-h265: 746d11721c4dcdbdad8f713fa42b33f4 -> 
  custom:CustomObjectIndexerAttribute: bc11b3a6c3213fcdd17b65e7da85e133 -> 
  custom:audio-encoder-webm-vorbis: bf7c407c2cedff20999df2af8eb42d56 -> 
  custom:framework-win-MediaFoundation: 216162199b28c13a410421893ffa2e32 -> 
  custom:SearchIndexIgnoredProperties: e643bd26f0fe6173181afceb89e7c659 -> 
  custom:container-demuxer-ogg: 62fdf1f143b41e24485cea50d1cbac27 -> 
  custom:video-decoder-webm-vp8: 9c59270c3fd7afecdb556c50c9e8de78 -> 
  custom:audio-decoder-ogg-vorbis: bf7c407c2cedff20999df2af8eb42d56 -> 
========================================================================
Received Prepare
Registering precompiled user dll's ...
Registered in 0.008653 seconds.
Begin MonoManager ReloadAssembly
Native extension for WindowsStandalone target not found
Refreshing native plugins compatible for Editor in 1.34 ms, found 3 plugins.
Preloading 0 native plugins for Editor in 0.00 ms.
[Package Manager] Server::EnsureServerProcessIsRunning -- launch failed, reason: Unity was launched with the -noUpm command-line argument
[Package Manager] Cannot connect to Unity Package Manager local server
Mono: successfully reloaded assembly
- Completed reload, in  2.077 seconds
Domain Reload Profiling:
	ReloadAssembly (2079ms)
		BeginReloadAssembly (251ms)
			ExecutionOrderSort (0ms)
			DisableScriptedObjects (9ms)
			BackupInstance (0ms)
			ReleaseScriptingObjects (0ms)
			CreateAndSetChildDomain (46ms)
		EndReloadAssembly (1648ms)
			LoadAssemblies (174ms)
			RebuildTransferFunctionScriptingTraits (0ms)
			SetupTypeCache (482ms)
			ReleaseScriptCaches (3ms)
			RebuildScriptCaches (84ms)
			SetupLoadedEditorAssemblies (883ms)
				LogAssemblyErrors (0ms)
				InitializePlatformSupportModulesInManaged (8ms)
				SetLoadedEditorAssemblies (1ms)
				RefreshPlugins (2ms)
				BeforeProcessingInitializeOnLoad (95ms)
				ProcessInitializeOnLoadAttributes (735ms)
				ProcessInitializeOnLoadMethodAttributes (34ms)
				AfterProcessingInitializeOnLoad (8ms)
				EditorAssembliesLoaded (0ms)
			ExecutionOrderSort2 (0ms)
			AwakeInstancesAfterBackupRestoration (9ms)
Platform modules already initialized, skipping
Refreshing native plugins compatible for Editor in 1.49 ms, found 3 plugins.
Preloading 0 native plugins for Editor in 0.00 ms.
Unloading 3064 Unused Serialized files (Serialized files now loaded: 0)
Unloading 18 unused Assets / (21.9 KB). Loaded Objects now: 3623.
Memory consumption went from 109.2 MB to 109.1 MB.
Total: 5.234100 ms (FindLiveObjects: 0.441700 ms CreateObjectMapping: 0.147200 ms MarkObjects: 4.589800 ms  DeleteObjects: 0.053700 ms)

AssetImportParameters requested are different than current active one (requested -> active):
  custom:video-decoder-ogg-theora: a1e56fd34408186e4bbccfd4996cb3dc -> 
  custom:container-muxer-webm: aa71ff27fc2769a1b78a27578f13a17b -> 
  custom:container-demuxer-webm: 4f35f7cbe854078d1ac9338744f61a02 -> 
  custom:video-encoder-webm-vp8: eb34c28f22e8b96e1ab97ce403110664 -> 
  custom:video-codec-MediaFoundation-h265: 746d11721c4dcdbdad8f713fa42b33f4 -> 
  custom:CustomObjectIndexerAttribute: bc11b3a6c3213fcdd17b65e7da85e133 -> 
  custom:audio-encoder-webm-vorbis: bf7c407c2cedff20999df2af8eb42d56 -> 
  custom:framework-win-MediaFoundation: 216162199b28c13a410421893ffa2e32 -> 
  custom:SearchIndexIgnoredProperties: e643bd26f0fe6173181afceb89e7c659 -> 
  custom:container-demuxer-ogg: 62fdf1f143b41e24485cea50d1cbac27 -> 
  custom:video-decoder-webm-vp8: 9c59270c3fd7afecdb556c50c9e8de78 -> 
  custom:audio-decoder-ogg-vorbis: bf7c407c2cedff20999df2af8eb42d56 -> 
========================================================================
Received Prepare
Registering precompiled user dll's ...
Registered in 0.006338 seconds.
Begin MonoManager ReloadAssembly
Native extension for WindowsStandalone target not found
Refreshing native plugins compatible for Editor in 1.43 ms, found 3 plugins.
Preloading 0 native plugins for Editor in 0.00 ms.
[Package Manager] Server::EnsureServerProcessIsRunning -- launch failed, reason: Unity was launched with the -noUpm command-line argument
[Package Manager] Cannot connect to Unity Package Manager local server
Mono: successfully reloaded assembly
- Completed reload, in  2.177 seconds
Domain Reload Profiling:
	ReloadAssembly (2178ms)
		BeginReloadAssembly (248ms)
			ExecutionOrderSort (0ms)
			DisableScriptedObjects (11ms)
			BackupInstance (0ms)
			ReleaseScriptingObjects (0ms)
			CreateAndSetChildDomain (45ms)
		EndReloadAssembly (1762ms)
			LoadAssemblies (167ms)
			RebuildTransferFunctionScriptingTraits (0ms)
			SetupTypeCache (496ms)
			ReleaseScriptCaches (2ms)
			RebuildScriptCaches (80ms)
			SetupLoadedEditorAssemblies (976ms)
				LogAssemblyErrors (0ms)
				InitializePlatformSupportModulesInManaged (9ms)
				SetLoadedEditorAssemblies (1ms)
				RefreshPlugins (2ms)
				BeforeProcessingInitializeOnLoad (98ms)
				ProcessInitializeOnLoadAttributes (806ms)
				ProcessInitializeOnLoadMethodAttributes (47ms)
				AfterProcessingInitializeOnLoad (13ms)
				EditorAssembliesLoaded (0ms)
			ExecutionOrderSort2 (0ms)
			AwakeInstancesAfterBackupRestoration (14ms)
Platform modules already initialized, skipping
Refreshing native plugins compatible for Editor in 1.20 ms, found 3 plugins.
Preloading 0 native plugins for Editor in 0.00 ms.
Unloading 3064 Unused Serialized files (Serialized files now loaded: 0)
Unloading 18 unused Assets / (21.9 KB). Loaded Objects now: 3626.
Memory consumption went from 109.2 MB to 109.2 MB.
Total: 5.796700 ms (FindLiveObjects: 0.803000 ms CreateObjectMapping: 0.333700 ms MarkObjects: 4.620500 ms  DeleteObjects: 0.037600 ms)

AssetImportParameters requested are different than current active one (requested -> active):
  custom:video-decoder-ogg-theora: a1e56fd34408186e4bbccfd4996cb3dc -> 
  custom:container-muxer-webm: aa71ff27fc2769a1b78a27578f13a17b -> 
  custom:container-demuxer-webm: 4f35f7cbe854078d1ac9338744f61a02 -> 
  custom:video-encoder-webm-vp8: eb34c28f22e8b96e1ab97ce403110664 -> 
  custom:video-codec-MediaFoundation-h265: 746d11721c4dcdbdad8f713fa42b33f4 -> 
  custom:CustomObjectIndexerAttribute: bc11b3a6c3213fcdd17b65e7da85e133 -> 
  custom:audio-encoder-webm-vorbis: bf7c407c2cedff20999df2af8eb42d56 -> 
  custom:framework-win-MediaFoundation: 216162199b28c13a410421893ffa2e32 -> 
  custom:SearchIndexIgnoredProperties: e643bd26f0fe6173181afceb89e7c659 -> 
  custom:container-demuxer-ogg: 62fdf1f143b41e24485cea50d1cbac27 -> 
  custom:video-decoder-webm-vp8: 9c59270c3fd7afecdb556c50c9e8de78 -> 
  custom:audio-decoder-ogg-vorbis: bf7c407c2cedff20999df2af8eb42d56 -> 
========================================================================
Received Prepare
Registering precompiled user dll's ...
Registered in 0.005341 seconds.
Begin MonoManager ReloadAssembly
Native extension for WindowsStandalone target not found
Refreshing native plugins compatible for Editor in 1.18 ms, found 3 plugins.
Preloading 0 native plugins for Editor in 0.00 ms.
[Package Manager] Server::EnsureServerProcessIsRunning -- launch failed, reason: Unity was launched with the -noUpm command-line argument
[Package Manager] Cannot connect to Unity Package Manager local server
Mono: successfully reloaded assembly
- Completed reload, in  2.141 seconds
Domain Reload Profiling:
	ReloadAssembly (2143ms)
		BeginReloadAssembly (203ms)
			ExecutionOrderSort (0ms)
			DisableScriptedObjects (10ms)
			BackupInstance (0ms)
			ReleaseScriptingObjects (0ms)
			CreateAndSetChildDomain (41ms)
		EndReloadAssembly (1764ms)
			LoadAssemblies (157ms)
			RebuildTransferFunctionScriptingTraits (0ms)
			SetupTypeCache (486ms)
			ReleaseScriptCaches (2ms)
			RebuildScriptCaches (91ms)
			SetupLoadedEditorAssemblies (975ms)
				LogAssemblyErrors (0ms)
				InitializePlatformSupportModulesInManaged (10ms)
				SetLoadedEditorAssemblies (1ms)
				RefreshPlugins (1ms)
				BeforeProcessingInitializeOnLoad (96ms)
				ProcessInitializeOnLoadAttributes (784ms)
				ProcessInitializeOnLoadMethodAttributes (49ms)
				AfterProcessingInitializeOnLoad (33ms)
				EditorAssembliesLoaded (0ms)
			ExecutionOrderSort2 (0ms)
			AwakeInstancesAfterBackupRestoration (12ms)
Platform modules already initialized, skipping
Refreshing native plugins compatible for Editor in 1.18 ms, found 3 plugins.
Preloading 0 native plugins for Editor in 0.00 ms.
Unloading 3064 Unused Serialized files (Serialized files now loaded: 0)
Unloading 18 unused Assets / (21.9 KB). Loaded Objects now: 3629.
Memory consumption went from 109.2 MB to 109.2 MB.
Total: 5.826400 ms (FindLiveObjects: 0.836600 ms CreateObjectMapping: 0.337100 ms MarkObjects: 4.504000 ms  DeleteObjects: 0.144700 ms)

AssetImportParameters requested are different than current active one (requested -> active):
  custom:video-decoder-ogg-theora: a1e56fd34408186e4bbccfd4996cb3dc -> 
  custom:container-muxer-webm: aa71ff27fc2769a1b78a27578f13a17b -> 
  custom:container-demuxer-webm: 4f35f7cbe854078d1ac9338744f61a02 -> 
  custom:video-encoder-webm-vp8: eb34c28f22e8b96e1ab97ce403110664 -> 
  custom:video-codec-MediaFoundation-h265: 746d11721c4dcdbdad8f713fa42b33f4 -> 
  custom:CustomObjectIndexerAttribute: bc11b3a6c3213fcdd17b65e7da85e133 -> 
  custom:audio-encoder-webm-vorbis: bf7c407c2cedff20999df2af8eb42d56 -> 
  custom:framework-win-MediaFoundation: 216162199b28c13a410421893ffa2e32 -> 
  custom:SearchIndexIgnoredProperties: e643bd26f0fe6173181afceb89e7c659 -> 
  custom:container-demuxer-ogg: 62fdf1f143b41e24485cea50d1cbac27 -> 
  custom:video-decoder-webm-vp8: 9c59270c3fd7afecdb556c50c9e8de78 -> 
  custom:audio-decoder-ogg-vorbis: bf7c407c2cedff20999df2af8eb42d56 -> 
========================================================================
Received Prepare
Registering precompiled user dll's ...
Registered in 0.007720 seconds.
Begin MonoManager ReloadAssembly
Native extension for WindowsStandalone target not found
Refreshing native plugins compatible for Editor in 0.67 ms, found 3 plugins.
Preloading 0 native plugins for Editor in 0.00 ms.
[Package Manager] Server::EnsureServerProcessIsRunning -- launch failed, reason: Unity was launched with the -noUpm command-line argument
[Package Manager] Cannot connect to Unity Package Manager local server
Mono: successfully reloaded assembly
- Completed reload, in  2.035 seconds
Domain Reload Profiling:
	ReloadAssembly (2036ms)
		BeginReloadAssembly (228ms)
			ExecutionOrderSort (0ms)
			DisableScriptedObjects (8ms)
			BackupInstance (0ms)
			ReleaseScriptingObjects (0ms)
			CreateAndSetChildDomain (53ms)
		EndReloadAssembly (1650ms)
			LoadAssemblies (158ms)
			RebuildTransferFunctionScriptingTraits (0ms)
			SetupTypeCache (501ms)
			ReleaseScriptCaches (1ms)
			RebuildScriptCaches (57ms)
			SetupLoadedEditorAssemblies (917ms)
				LogAssemblyErrors (0ms)
				InitializePlatformSupportModulesInManaged (7ms)
				SetLoadedEditorAssemblies (1ms)
				RefreshPlugins (1ms)
				BeforeProcessingInitializeOnLoad (94ms)
				ProcessInitializeOnLoadAttributes (764ms)
				ProcessInitializeOnLoadMethodAttributes (37ms)
				AfterProcessingInitializeOnLoad (13ms)
				EditorAssembliesLoaded (1ms)
			ExecutionOrderSort2 (0ms)
			AwakeInstancesAfterBackupRestoration (12ms)
Platform modules already initialized, skipping
Refreshing native plugins compatible for Editor in 1.17 ms, found 3 plugins.
Preloading 0 native plugins for Editor in 0.00 ms.
Unloading 3064 Unused Serialized files (Serialized files now loaded: 0)
Unloading 18 unused Assets / (21.9 KB). Loaded Objects now: 3632.
Memory consumption went from 109.2 MB to 109.2 MB.
Total: 5.474000 ms (FindLiveObjects: 0.367900 ms CreateObjectMapping: 0.141200 ms MarkObjects: 4.907100 ms  DeleteObjects: 0.051400 ms)

AssetImportParameters requested are different than current active one (requested -> active):
  custom:video-decoder-ogg-theora: a1e56fd34408186e4bbccfd4996cb3dc -> 
  custom:container-muxer-webm: aa71ff27fc2769a1b78a27578f13a17b -> 
  custom:container-demuxer-webm: 4f35f7cbe854078d1ac9338744f61a02 -> 
  custom:video-encoder-webm-vp8: eb34c28f22e8b96e1ab97ce403110664 -> 
  custom:video-codec-MediaFoundation-h265: 746d11721c4dcdbdad8f713fa42b33f4 -> 
  custom:CustomObjectIndexerAttribute: bc11b3a6c3213fcdd17b65e7da85e133 -> 
  custom:audio-encoder-webm-vorbis: bf7c407c2cedff20999df2af8eb42d56 -> 
  custom:framework-win-MediaFoundation: 216162199b28c13a410421893ffa2e32 -> 
  custom:SearchIndexIgnoredProperties: e643bd26f0fe6173181afceb89e7c659 -> 
  custom:container-demuxer-ogg: 62fdf1f143b41e24485cea50d1cbac27 -> 
  custom:video-decoder-webm-vp8: 9c59270c3fd7afecdb556c50c9e8de78 -> 
  custom:audio-decoder-ogg-vorbis: bf7c407c2cedff20999df2af8eb42d56 -> 
========================================================================
Received Prepare
Registering precompiled user dll's ...
Registered in 0.006446 seconds.
Begin MonoManager ReloadAssembly
Native extension for WindowsStandalone target not found
Refreshing native plugins compatible for Editor in 1.11 ms, found 3 plugins.
Preloading 0 native plugins for Editor in 0.00 ms.
[Package Manager] Server::EnsureServerProcessIsRunning -- launch failed, reason: Unity was launched with the -noUpm command-line argument
[Package Manager] Cannot connect to Unity Package Manager local server
Mono: successfully reloaded assembly
- Completed reload, in  1.919 seconds
Domain Reload Profiling:
	ReloadAssembly (1920ms)
		BeginReloadAssembly (195ms)
			ExecutionOrderSort (0ms)
			DisableScriptedObjects (11ms)
			BackupInstance (0ms)
			ReleaseScriptingObjects (0ms)
			CreateAndSetChildDomain (43ms)
		EndReloadAssembly (1596ms)
			LoadAssemblies (133ms)
			RebuildTransferFunctionScriptingTraits (0ms)
			SetupTypeCache (421ms)
			ReleaseScriptCaches (3ms)
			RebuildScriptCaches (73ms)
			SetupLoadedEditorAssemblies (902ms)
				LogAssemblyErrors (0ms)
				InitializePlatformSupportModulesInManaged (8ms)
				SetLoadedEditorAssemblies (1ms)
				RefreshPlugins (1ms)
				BeforeProcessingInitializeOnLoad (87ms)
				ProcessInitializeOnLoadAttributes (760ms)
				ProcessInitializeOnLoadMethodAttributes (37ms)
				AfterProcessingInitializeOnLoad (8ms)
				EditorAssembliesLoaded (0ms)
			ExecutionOrderSort2 (0ms)
			AwakeInstancesAfterBackupRestoration (10ms)
Platform modules already initialized, skipping
Refreshing native plugins compatible for Editor in 1.46 ms, found 3 plugins.
Preloading 0 native plugins for Editor in 0.00 ms.
Unloading 3064 Unused Serialized files (Serialized files now loaded: 0)
Unloading 18 unused Assets / (21.9 KB). Loaded Objects now: 3635.
Memory consumption went from 109.2 MB to 109.2 MB.
Total: 6.030100 ms (FindLiveObjects: 0.796000 ms CreateObjectMapping: 0.600200 ms MarkObjects: 4.592600 ms  DeleteObjects: 0.039000 ms)

AssetImportParameters requested are different than current active one (requested -> active):
  custom:video-decoder-ogg-theora: a1e56fd34408186e4bbccfd4996cb3dc -> 
  custom:container-muxer-webm: aa71ff27fc2769a1b78a27578f13a17b -> 
  custom:container-demuxer-webm: 4f35f7cbe854078d1ac9338744f61a02 -> 
  custom:video-encoder-webm-vp8: eb34c28f22e8b96e1ab97ce403110664 -> 
  custom:video-codec-MediaFoundation-h265: 746d11721c4dcdbdad8f713fa42b33f4 -> 
  custom:CustomObjectIndexerAttribute: bc11b3a6c3213fcdd17b65e7da85e133 -> 
  custom:audio-encoder-webm-vorbis: bf7c407c2cedff20999df2af8eb42d56 -> 
  custom:framework-win-MediaFoundation: 216162199b28c13a410421893ffa2e32 -> 
  custom:SearchIndexIgnoredProperties: e643bd26f0fe6173181afceb89e7c659 -> 
  custom:container-demuxer-ogg: 62fdf1f143b41e24485cea50d1cbac27 -> 
  custom:video-decoder-webm-vp8: 9c59270c3fd7afecdb556c50c9e8de78 -> 
  custom:audio-decoder-ogg-vorbis: bf7c407c2cedff20999df2af8eb42d56 -> 
========================================================================
Received Prepare
Registering precompiled user dll's ...
Registered in 0.005650 seconds.
Begin MonoManager ReloadAssembly
Native extension for WindowsStandalone target not found
Refreshing native plugins compatible for Editor in 0.83 ms, found 3 plugins.
Preloading 0 native plugins for Editor in 0.00 ms.
[Package Manager] Server::EnsureServerProcessIsRunning -- launch failed, reason: Unity was launched with the -noUpm command-line argument
[Package Manager] Cannot connect to Unity Package Manager local server
Mono: successfully reloaded assembly
- Completed reload, in  1.884 seconds
Domain Reload Profiling:
	ReloadAssembly (1886ms)
		BeginReloadAssembly (288ms)
			ExecutionOrderSort (0ms)
			DisableScriptedObjects (12ms)
			BackupInstance (0ms)
			ReleaseScriptingObjects (0ms)
			CreateAndSetChildDomain (64ms)
		EndReloadAssembly (1434ms)
			LoadAssemblies (183ms)
			RebuildTransferFunctionScriptingTraits (0ms)
			SetupTypeCache (452ms)
			ReleaseScriptCaches (2ms)
			RebuildScriptCaches (58ms)
			SetupLoadedEditorAssemblies (769ms)
				LogAssemblyErrors (0ms)
				InitializePlatformSupportModulesInManaged (6ms)
				SetLoadedEditorAssemblies (1ms)
				RefreshPlugins (1ms)
				BeforeProcessingInitializeOnLoad (72ms)
				ProcessInitializeOnLoadAttributes (657ms)
				ProcessInitializeOnLoadMethodAttributes (25ms)
				AfterProcessingInitializeOnLoad (7ms)
				EditorAssembliesLoaded (0ms)
			ExecutionOrderSort2 (0ms)
			AwakeInstancesAfterBackupRestoration (7ms)
Platform modules already initialized, skipping
Refreshing native plugins compatible for Editor in 0.76 ms, found 3 plugins.
Preloading 0 native plugins for Editor in 0.00 ms.
Unloading 3064 Unused Serialized files (Serialized files now loaded: 0)
Unloading 18 unused Assets / (21.9 KB). Loaded Objects now: 3638.
Memory consumption went from 109.2 MB to 109.2 MB.
Total: 3.525400 ms (FindLiveObjects: 0.452000 ms CreateObjectMapping: 0.191000 ms MarkObjects: 2.846000 ms  DeleteObjects: 0.034500 ms)

AssetImportParameters requested are different than current active one (requested -> active):
  custom:video-decoder-ogg-theora: a1e56fd34408186e4bbccfd4996cb3dc -> 
  custom:container-muxer-webm: aa71ff27fc2769a1b78a27578f13a17b -> 
  custom:container-demuxer-webm: 4f35f7cbe854078d1ac9338744f61a02 -> 
  custom:video-encoder-webm-vp8: eb34c28f22e8b96e1ab97ce403110664 -> 
  custom:video-codec-MediaFoundation-h265: 746d11721c4dcdbdad8f713fa42b33f4 -> 
  custom:CustomObjectIndexerAttribute: bc11b3a6c3213fcdd17b65e7da85e133 -> 
  custom:audio-encoder-webm-vorbis: bf7c407c2cedff20999df2af8eb42d56 -> 
  custom:framework-win-MediaFoundation: 216162199b28c13a410421893ffa2e32 -> 
  custom:SearchIndexIgnoredProperties: e643bd26f0fe6173181afceb89e7c659 -> 
  custom:container-demuxer-ogg: 62fdf1f143b41e24485cea50d1cbac27 -> 
  custom:video-decoder-webm-vp8: 9c59270c3fd7afecdb556c50c9e8de78 -> 
  custom:audio-decoder-ogg-vorbis: bf7c407c2cedff20999df2af8eb42d56 -> 
========================================================================
Received Import Request.
  Time since last request: 1550.838927 seconds.
  path: Assets/Scenes/Game.unity
  artifactKey: Guid(9fc0d4010bbf28b4594072e72b8655ab) Importer(815301076,1909f56bfc062723c751e8b465ee728b)
Number of updated assets reloaded before import = 0
Start importing Assets/Scenes/Game.unity using Guid(9fc0d4010bbf28b4594072e72b8655ab) Importer(815301076,1909f56bfc062723c751e8b465ee728b)  -> (artifact id: '8a0815675bca9c648ec6a9523d8da361') in 0.026007 seconds 
Number of asset objects unloaded after import = 0
========================================================================
Received Prepare
Registering precompiled user dll's ...
Registered in 0.009676 seconds.
Begin MonoManager ReloadAssembly
Native extension for WindowsStandalone target not found
Refreshing native plugins compatible for Editor in 0.92 ms, found 3 plugins.
Preloading 0 native plugins for Editor in 0.00 ms.
[Package Manager] Server::EnsureServerProcessIsRunning -- launch failed, reason: Unity was launched with the -noUpm command-line argument
[Package Manager] Cannot connect to Unity Package Manager local server
Mono: successfully reloaded assembly
- Completed reload, in  1.953 seconds
Domain Reload Profiling:
	ReloadAssembly (1954ms)
		BeginReloadAssembly (239ms)
			ExecutionOrderSort (0ms)
			DisableScriptedObjects (11ms)
			BackupInstance (0ms)
			ReleaseScriptingObjects (0ms)
			CreateAndSetChildDomain (49ms)
		EndReloadAssembly (1541ms)
			LoadAssemblies (163ms)
			RebuildTransferFunctionScriptingTraits (0ms)
			SetupTypeCache (450ms)
			ReleaseScriptCaches (2ms)
			RebuildScriptCaches (71ms)
			SetupLoadedEditorAssemblies (848ms)
				LogAssemblyErrors (0ms)
				InitializePlatformSupportModulesInManaged (10ms)
				SetLoadedEditorAssemblies (1ms)
				RefreshPlugins (1ms)
				BeforeProcessingInitializeOnLoad (117ms)
				ProcessInitializeOnLoadAttributes (682ms)
				ProcessInitializeOnLoadMethodAttributes (30ms)
				AfterProcessingInitializeOnLoad (6ms)
				EditorAssembliesLoaded (0ms)
			ExecutionOrderSort2 (0ms)
			AwakeInstancesAfterBackupRestoration (7ms)
Platform modules already initialized, skipping
Refreshing native plugins compatible for Editor in 0.62 ms, found 3 plugins.
Preloading 0 native plugins for Editor in 0.00 ms.
Unloading 3064 Unused Serialized files (Serialized files now loaded: 0)
Unloading 18 unused Assets / (21.9 KB). Loaded Objects now: 3641.
Memory consumption went from 109.2 MB to 109.2 MB.
Total: 3.306200 ms (FindLiveObjects: 0.424600 ms CreateObjectMapping: 0.187700 ms MarkObjects: 2.660200 ms  DeleteObjects: 0.032200 ms)

AssetImportParameters requested are different than current active one (requested -> active):
  custom:video-decoder-ogg-theora: a1e56fd34408186e4bbccfd4996cb3dc -> 
  custom:container-muxer-webm: aa71ff27fc2769a1b78a27578f13a17b -> 
  custom:container-demuxer-webm: 4f35f7cbe854078d1ac9338744f61a02 -> 
  custom:video-encoder-webm-vp8: eb34c28f22e8b96e1ab97ce403110664 -> 
  custom:video-codec-MediaFoundation-h265: 746d11721c4dcdbdad8f713fa42b33f4 -> 
  custom:CustomObjectIndexerAttribute: bc11b3a6c3213fcdd17b65e7da85e133 -> 
  custom:audio-encoder-webm-vorbis: bf7c407c2cedff20999df2af8eb42d56 -> 
  custom:framework-win-MediaFoundation: 216162199b28c13a410421893ffa2e32 -> 
  custom:SearchIndexIgnoredProperties: e643bd26f0fe6173181afceb89e7c659 -> 
  custom:container-demuxer-ogg: 62fdf1f143b41e24485cea50d1cbac27 -> 
  custom:video-decoder-webm-vp8: 9c59270c3fd7afecdb556c50c9e8de78 -> 
  custom:audio-decoder-ogg-vorbis: bf7c407c2cedff20999df2af8eb42d56 -> 
========================================================================
Received Import Request.
  Time since last request: 92.953918 seconds.
  path: Assets/Scenes/MainMenu.unity
  artifactKey: Guid(536915f760e35384b840c17581437579) Importer(815301076,1909f56bfc062723c751e8b465ee728b)
Number of updated assets reloaded before import = 0
Start importing Assets/Scenes/MainMenu.unity using Guid(536915f760e35384b840c17581437579) Importer(815301076,1909f56bfc062723c751e8b465ee728b)  -> (artifact id: '8119140e83e92aabf9a3816c93edc763') in 0.034694 seconds 
Number of asset objects unloaded after import = 0
========================================================================
Received Prepare
Registering precompiled user dll's ...
Registered in 0.006413 seconds.
Begin MonoManager ReloadAssembly
Native extension for WindowsStandalone target not found
Refreshing native plugins compatible for Editor in 1.48 ms, found 3 plugins.
Preloading 0 native plugins for Editor in 0.00 ms.
[Package Manager] Server::EnsureServerProcessIsRunning -- launch failed, reason: Unity was launched with the -noUpm command-line argument
[Package Manager] Cannot connect to Unity Package Manager local server
Mono: successfully reloaded assembly
- Completed reload, in  2.287 seconds
Domain Reload Profiling:
	ReloadAssembly (2288ms)
		BeginReloadAssembly (222ms)
			ExecutionOrderSort (0ms)
			DisableScriptedObjects (8ms)
			BackupInstance (0ms)
			ReleaseScriptingObjects (0ms)
			CreateAndSetChildDomain (47ms)
		EndReloadAssembly (1886ms)
			LoadAssemblies (170ms)
			RebuildTransferFunctionScriptingTraits (0ms)
			SetupTypeCache (535ms)
			ReleaseScriptCaches (2ms)
			RebuildScriptCaches (83ms)
			SetupLoadedEditorAssemblies (1039ms)
				LogAssemblyErrors (0ms)
				InitializePlatformSupportModulesInManaged (12ms)
				SetLoadedEditorAssemblies (1ms)
				RefreshPlugins (2ms)
				BeforeProcessingInitializeOnLoad (116ms)
				ProcessInitializeOnLoadAttributes (849ms)
				ProcessInitializeOnLoadMethodAttributes (48ms)
				AfterProcessingInitializeOnLoad (12ms)
				EditorAssembliesLoaded (0ms)
			ExecutionOrderSort2 (0ms)
			AwakeInstancesAfterBackupRestoration (13ms)
Platform modules already initialized, skipping
Refreshing native plugins compatible for Editor in 1.07 ms, found 3 plugins.
Preloading 0 native plugins for Editor in 0.00 ms.
Unloading 3064 Unused Serialized files (Serialized files now loaded: 0)
Unloading 18 unused Assets / (21.9 KB). Loaded Objects now: 3644.
Memory consumption went from 109.2 MB to 109.2 MB.
Total: 6.436400 ms (FindLiveObjects: 0.667300 ms CreateObjectMapping: 0.223900 ms MarkObjects: 5.472200 ms  DeleteObjects: 0.068800 ms)

AssetImportParameters requested are different than current active one (requested -> active):
  custom:video-decoder-ogg-theora: a1e56fd34408186e4bbccfd4996cb3dc -> 
  custom:container-muxer-webm: aa71ff27fc2769a1b78a27578f13a17b -> 
  custom:container-demuxer-webm: 4f35f7cbe854078d1ac9338744f61a02 -> 
  custom:video-encoder-webm-vp8: eb34c28f22e8b96e1ab97ce403110664 -> 
  custom:video-codec-MediaFoundation-h265: 746d11721c4dcdbdad8f713fa42b33f4 -> 
  custom:CustomObjectIndexerAttribute: bc11b3a6c3213fcdd17b65e7da85e133 -> 
  custom:audio-encoder-webm-vorbis: bf7c407c2cedff20999df2af8eb42d56 -> 
  custom:framework-win-MediaFoundation: 216162199b28c13a410421893ffa2e32 -> 
  custom:SearchIndexIgnoredProperties: e643bd26f0fe6173181afceb89e7c659 -> 
  custom:container-demuxer-ogg: 62fdf1f143b41e24485cea50d1cbac27 -> 
  custom:video-decoder-webm-vp8: 9c59270c3fd7afecdb556c50c9e8de78 -> 
  custom:audio-decoder-ogg-vorbis: bf7c407c2cedff20999df2af8eb42d56 -> 
========================================================================
Received Prepare
Registering precompiled user dll's ...
Registered in 0.008156 seconds.
Begin MonoManager ReloadAssembly
Native extension for WindowsStandalone target not found
Refreshing native plugins compatible for Editor in 0.63 ms, found 3 plugins.
Preloading 0 native plugins for Editor in 0.00 ms.
[Package Manager] Server::EnsureServerProcessIsRunning -- launch failed, reason: Unity was launched with the -noUpm command-line argument
[Package Manager] Cannot connect to Unity Package Manager local server
Mono: successfully reloaded assembly
- Completed reload, in  1.791 seconds
Domain Reload Profiling:
	ReloadAssembly (1792ms)
		BeginReloadAssembly (247ms)
			ExecutionOrderSort (0ms)
			DisableScriptedObjects (9ms)
			BackupInstance (0ms)
			ReleaseScriptingObjects (0ms)
			CreateAndSetChildDomain (48ms)
		EndReloadAssembly (1387ms)
			LoadAssemblies (160ms)
			RebuildTransferFunctionScriptingTraits (0ms)
			SetupTypeCache (340ms)
			ReleaseScriptCaches (1ms)
			RebuildScriptCaches (70ms)
			SetupLoadedEditorAssemblies (831ms)
				LogAssemblyErrors (0ms)
				InitializePlatformSupportModulesInManaged (8ms)
				SetLoadedEditorAssemblies (1ms)
				RefreshPlugins (1ms)
				BeforeProcessingInitializeOnLoad (64ms)
				ProcessInitializeOnLoadAttributes (713ms)
				ProcessInitializeOnLoadMethodAttributes (36ms)
				AfterProcessingInitializeOnLoad (8ms)
				EditorAssembliesLoaded (0ms)
			ExecutionOrderSort2 (0ms)
			AwakeInstancesAfterBackupRestoration (10ms)
Platform modules already initialized, skipping
Refreshing native plugins compatible for Editor in 0.69 ms, found 3 plugins.
Preloading 0 native plugins for Editor in 0.00 ms.
Unloading 3064 Unused Serialized files (Serialized files now loaded: 0)
Unloading 18 unused Assets / (21.9 KB). Loaded Objects now: 3647.
Memory consumption went from 109.2 MB to 109.2 MB.
Total: 3.794400 ms (FindLiveObjects: 0.328700 ms CreateObjectMapping: 0.110200 ms MarkObjects: 3.319400 ms  DeleteObjects: 0.034700 ms)

AssetImportParameters requested are different than current active one (requested -> active):
  custom:video-decoder-ogg-theora: a1e56fd34408186e4bbccfd4996cb3dc -> 
  custom:container-muxer-webm: aa71ff27fc2769a1b78a27578f13a17b -> 
  custom:container-demuxer-webm: 4f35f7cbe854078d1ac9338744f61a02 -> 
  custom:video-encoder-webm-vp8: eb34c28f22e8b96e1ab97ce403110664 -> 
  custom:video-codec-MediaFoundation-h265: 746d11721c4dcdbdad8f713fa42b33f4 -> 
  custom:CustomObjectIndexerAttribute: bc11b3a6c3213fcdd17b65e7da85e133 -> 
  custom:audio-encoder-webm-vorbis: bf7c407c2cedff20999df2af8eb42d56 -> 
  custom:framework-win-MediaFoundation: 216162199b28c13a410421893ffa2e32 -> 
  custom:SearchIndexIgnoredProperties: e643bd26f0fe6173181afceb89e7c659 -> 
  custom:container-demuxer-ogg: 62fdf1f143b41e24485cea50d1cbac27 -> 
  custom:video-decoder-webm-vp8: 9c59270c3fd7afecdb556c50c9e8de78 -> 
  custom:audio-decoder-ogg-vorbis: bf7c407c2cedff20999df2af8eb42d56 -> 
========================================================================
Received Prepare
Registering precompiled user dll's ...
Registered in 0.010520 seconds.
Begin MonoManager ReloadAssembly
Native extension for WindowsStandalone target not found
Refreshing native plugins compatible for Editor in 0.76 ms, found 3 plugins.
Preloading 0 native plugins for Editor in 0.00 ms.
[Package Manager] Server::EnsureServerProcessIsRunning -- launch failed, reason: Unity was launched with the -noUpm command-line argument
[Package Manager] Cannot connect to Unity Package Manager local server
Mono: successfully reloaded assembly
- Completed reload, in  2.234 seconds
Domain Reload Profiling:
	ReloadAssembly (2235ms)
		BeginReloadAssembly (261ms)
			ExecutionOrderSort (0ms)
			DisableScriptedObjects (12ms)
			BackupInstance (0ms)
			ReleaseScriptingObjects (0ms)
			CreateAndSetChildDomain (68ms)
		EndReloadAssembly (1792ms)
			LoadAssemblies (161ms)
			RebuildTransferFunctionScriptingTraits (0ms)
			SetupTypeCache (476ms)
			ReleaseScriptCaches (2ms)
			RebuildScriptCaches (79ms)
			SetupLoadedEditorAssemblies (1024ms)
				LogAssemblyErrors (0ms)
				InitializePlatformSupportModulesInManaged (11ms)
				SetLoadedEditorAssemblies (1ms)
				RefreshPlugins (1ms)
				BeforeProcessingInitializeOnLoad (115ms)
				ProcessInitializeOnLoadAttributes (842ms)
				ProcessInitializeOnLoadMethodAttributes (43ms)
				AfterProcessingInitializeOnLoad (10ms)
				EditorAssembliesLoaded (0ms)
			ExecutionOrderSort2 (0ms)
			AwakeInstancesAfterBackupRestoration (13ms)
Platform modules already initialized, skipping
Refreshing native plugins compatible for Editor in 1.09 ms, found 3 plugins.
Preloading 0 native plugins for Editor in 0.00 ms.
Unloading 3064 Unused Serialized files (Serialized files now loaded: 0)
Unloading 18 unused Assets / (21.9 KB). Loaded Objects now: 3650.
Memory consumption went from 109.2 MB to 109.2 MB.
Total: 5.452500 ms (FindLiveObjects: 0.546500 ms CreateObjectMapping: 0.193900 ms MarkObjects: 4.664800 ms  DeleteObjects: 0.045600 ms)

AssetImportParameters requested are different than current active one (requested -> active):
  custom:video-decoder-ogg-theora: a1e56fd34408186e4bbccfd4996cb3dc -> 
  custom:container-muxer-webm: aa71ff27fc2769a1b78a27578f13a17b -> 
  custom:container-demuxer-webm: 4f35f7cbe854078d1ac9338744f61a02 -> 
  custom:video-encoder-webm-vp8: eb34c28f22e8b96e1ab97ce403110664 -> 
  custom:video-codec-MediaFoundation-h265: 746d11721c4dcdbdad8f713fa42b33f4 -> 
  custom:CustomObjectIndexerAttribute: bc11b3a6c3213fcdd17b65e7da85e133 -> 
  custom:audio-encoder-webm-vorbis: bf7c407c2cedff20999df2af8eb42d56 -> 
  custom:framework-win-MediaFoundation: 216162199b28c13a410421893ffa2e32 -> 
  custom:SearchIndexIgnoredProperties: e643bd26f0fe6173181afceb89e7c659 -> 
  custom:container-demuxer-ogg: 62fdf1f143b41e24485cea50d1cbac27 -> 
  custom:video-decoder-webm-vp8: 9c59270c3fd7afecdb556c50c9e8de78 -> 
  custom:audio-decoder-ogg-vorbis: bf7c407c2cedff20999df2af8eb42d56 -> 
========================================================================
Received Prepare
Registering precompiled user dll's ...
Registered in 0.008538 seconds.
Begin MonoManager ReloadAssembly
Native extension for WindowsStandalone target not found
Refreshing native plugins compatible for Editor in 0.87 ms, found 3 plugins.
Preloading 0 native plugins for Editor in 0.00 ms.
[Package Manager] Server::EnsureServerProcessIsRunning -- launch failed, reason: Unity was launched with the -noUpm command-line argument
[Package Manager] Cannot connect to Unity Package Manager local server
Mono: successfully reloaded assembly
- Completed reload, in  2.059 seconds
Domain Reload Profiling:
	ReloadAssembly (2060ms)
		BeginReloadAssembly (285ms)
			ExecutionOrderSort (0ms)
			DisableScriptedObjects (12ms)
			BackupInstance (0ms)
			ReleaseScriptingObjects (0ms)
			CreateAndSetChildDomain (54ms)
		EndReloadAssembly (1596ms)
			LoadAssemblies (200ms)
			RebuildTransferFunctionScriptingTraits (0ms)
			SetupTypeCache (415ms)
			ReleaseScriptCaches (2ms)
			RebuildScriptCaches (77ms)
			SetupLoadedEditorAssemblies (923ms)
				LogAssemblyErrors (0ms)
				InitializePlatformSupportModulesInManaged (9ms)
				SetLoadedEditorAssemblies (1ms)
				RefreshPlugins (1ms)
				BeforeProcessingInitializeOnLoad (106ms)
				ProcessInitializeOnLoadAttributes (767ms)
				ProcessInitializeOnLoadMethodAttributes (32ms)
				AfterProcessingInitializeOnLoad (7ms)
				EditorAssembliesLoaded (0ms)
			ExecutionOrderSort2 (0ms)
			AwakeInstancesAfterBackupRestoration (9ms)
Platform modules already initialized, skipping
Refreshing native plugins compatible for Editor in 0.75 ms, found 3 plugins.
Preloading 0 native plugins for Editor in 0.00 ms.
Unloading 3064 Unused Serialized files (Serialized files now loaded: 0)
Unloading 18 unused Assets / (22.0 KB). Loaded Objects now: 3653.
Memory consumption went from 109.2 MB to 109.2 MB.
Total: 5.388000 ms (FindLiveObjects: 0.949900 ms CreateObjectMapping: 0.152100 ms MarkObjects: 4.236300 ms  DeleteObjects: 0.048100 ms)

AssetImportParameters requested are different than current active one (requested -> active):
  custom:video-decoder-ogg-theora: a1e56fd34408186e4bbccfd4996cb3dc -> 
  custom:container-muxer-webm: aa71ff27fc2769a1b78a27578f13a17b -> 
  custom:container-demuxer-webm: 4f35f7cbe854078d1ac9338744f61a02 -> 
  custom:video-encoder-webm-vp8: eb34c28f22e8b96e1ab97ce403110664 -> 
  custom:video-codec-MediaFoundation-h265: 746d11721c4dcdbdad8f713fa42b33f4 -> 
  custom:CustomObjectIndexerAttribute: bc11b3a6c3213fcdd17b65e7da85e133 -> 
  custom:audio-encoder-webm-vorbis: bf7c407c2cedff20999df2af8eb42d56 -> 
  custom:framework-win-MediaFoundation: 216162199b28c13a410421893ffa2e32 -> 
  custom:SearchIndexIgnoredProperties: e643bd26f0fe6173181afceb89e7c659 -> 
  custom:container-demuxer-ogg: 62fdf1f143b41e24485cea50d1cbac27 -> 
  custom:video-decoder-webm-vp8: 9c59270c3fd7afecdb556c50c9e8de78 -> 
  custom:audio-decoder-ogg-vorbis: bf7c407c2cedff20999df2af8eb42d56 -> 
========================================================================
Received Prepare
Registering precompiled user dll's ...
Registered in 0.005730 seconds.
Begin MonoManager ReloadAssembly
Native extension for WindowsStandalone target not found
Refreshing native plugins compatible for Editor in 1.80 ms, found 3 plugins.
Preloading 0 native plugins for Editor in 0.00 ms.
[Package Manager] Server::EnsureServerProcessIsRunning -- launch failed, reason: Unity was launched with the -noUpm command-line argument
[Package Manager] Cannot connect to Unity Package Manager local server
Mono: successfully reloaded assembly
- Completed reload, in  1.811 seconds
Domain Reload Profiling:
	ReloadAssembly (1813ms)
		BeginReloadAssembly (177ms)
			ExecutionOrderSort (0ms)
			DisableScriptedObjects (5ms)
			BackupInstance (0ms)
			ReleaseScriptingObjects (0ms)
			CreateAndSetChildDomain (42ms)
		EndReloadAssembly (1486ms)
			LoadAssemblies (119ms)
			RebuildTransferFunctionScriptingTraits (0ms)
			SetupTypeCache (401ms)
			ReleaseScriptCaches (1ms)
			RebuildScriptCaches (69ms)
			SetupLoadedEditorAssemblies (858ms)
				LogAssemblyErrors (0ms)
				InitializePlatformSupportModulesInManaged (9ms)
				SetLoadedEditorAssemblies (1ms)
				RefreshPlugins (2ms)
				BeforeProcessingInitializeOnLoad (82ms)
				ProcessInitializeOnLoadAttributes (715ms)
				ProcessInitializeOnLoadMethodAttributes (40ms)
				AfterProcessingInitializeOnLoad (9ms)
				EditorAssembliesLoaded (0ms)
			ExecutionOrderSort2 (0ms)
			AwakeInstancesAfterBackupRestoration (10ms)
Platform modules already initialized, skipping
Refreshing native plugins compatible for Editor in 1.36 ms, found 3 plugins.
Preloading 0 native plugins for Editor in 0.00 ms.
Unloading 3064 Unused Serialized files (Serialized files now loaded: 0)
Unloading 18 unused Assets / (21.9 KB). Loaded Objects now: 3656.
Memory consumption went from 109.3 MB to 109.2 MB.
Total: 4.676500 ms (FindLiveObjects: 0.370000 ms CreateObjectMapping: 0.096000 ms MarkObjects: 4.123400 ms  DeleteObjects: 0.085000 ms)

AssetImportParameters requested are different than current active one (requested -> active):
  custom:video-decoder-ogg-theora: a1e56fd34408186e4bbccfd4996cb3dc -> 
  custom:container-muxer-webm: aa71ff27fc2769a1b78a27578f13a17b -> 
  custom:container-demuxer-webm: 4f35f7cbe854078d1ac9338744f61a02 -> 
  custom:video-encoder-webm-vp8: eb34c28f22e8b96e1ab97ce403110664 -> 
  custom:video-codec-MediaFoundation-h265: 746d11721c4dcdbdad8f713fa42b33f4 -> 
  custom:CustomObjectIndexerAttribute: bc11b3a6c3213fcdd17b65e7da85e133 -> 
  custom:audio-encoder-webm-vorbis: bf7c407c2cedff20999df2af8eb42d56 -> 
  custom:framework-win-MediaFoundation: 216162199b28c13a410421893ffa2e32 -> 
  custom:SearchIndexIgnoredProperties: e643bd26f0fe6173181afceb89e7c659 -> 
  custom:container-demuxer-ogg: 62fdf1f143b41e24485cea50d1cbac27 -> 
  custom:video-decoder-webm-vp8: 9c59270c3fd7afecdb556c50c9e8de78 -> 
  custom:audio-decoder-ogg-vorbis: bf7c407c2cedff20999df2af8eb42d56 -> 
========================================================================
Received Prepare
Registering precompiled user dll's ...
Registered in 0.004412 seconds.
Begin MonoManager ReloadAssembly
Native extension for WindowsStandalone target not found
Refreshing native plugins compatible for Editor in 0.86 ms, found 3 plugins.
Preloading 0 native plugins for Editor in 0.00 ms.
[Package Manager] Server::EnsureServerProcessIsRunning -- launch failed, reason: Unity was launched with the -noUpm command-line argument
[Package Manager] Cannot connect to Unity Package Manager local server
Mono: successfully reloaded assembly
- Completed reload, in  1.951 seconds
Domain Reload Profiling:
	ReloadAssembly (1952ms)
		BeginReloadAssembly (175ms)
			ExecutionOrderSort (0ms)
			DisableScriptedObjects (7ms)
			BackupInstance (0ms)
			ReleaseScriptingObjects (0ms)
			CreateAndSetChildDomain (38ms)
		EndReloadAssembly (1606ms)
			LoadAssemblies (140ms)
			RebuildTransferFunctionScriptingTraits (0ms)
			SetupTypeCache (445ms)
			ReleaseScriptCaches (2ms)
			RebuildScriptCaches (68ms)
			SetupLoadedEditorAssemblies (911ms)
				LogAssemblyErrors (0ms)
				InitializePlatformSupportModulesInManaged (8ms)
				SetLoadedEditorAssemblies (1ms)
				RefreshPlugins (1ms)
				BeforeProcessingInitializeOnLoad (85ms)
				ProcessInitializeOnLoadAttributes (779ms)
				ProcessInitializeOnLoadMethodAttributes (30ms)
				AfterProcessingInitializeOnLoad (8ms)
				EditorAssembliesLoaded (0ms)
			ExecutionOrderSort2 (0ms)
			AwakeInstancesAfterBackupRestoration (9ms)
Platform modules already initialized, skipping
Refreshing native plugins compatible for Editor in 1.02 ms, found 3 plugins.
Preloading 0 native plugins for Editor in 0.00 ms.
Unloading 3064 Unused Serialized files (Serialized files now loaded: 0)
Unloading 18 unused Assets / (21.9 KB). Loaded Objects now: 3659.
Memory consumption went from 109.3 MB to 109.2 MB.
Total: 5.275000 ms (FindLiveObjects: 0.572000 ms CreateObjectMapping: 0.254900 ms MarkObjects: 4.401300 ms  DeleteObjects: 0.044400 ms)

AssetImportParameters requested are different than current active one (requested -> active):
  custom:video-decoder-ogg-theora: a1e56fd34408186e4bbccfd4996cb3dc -> 
  custom:container-muxer-webm: aa71ff27fc2769a1b78a27578f13a17b -> 
  custom:container-demuxer-webm: 4f35f7cbe854078d1ac9338744f61a02 -> 
  custom:video-encoder-webm-vp8: eb34c28f22e8b96e1ab97ce403110664 -> 
  custom:video-codec-MediaFoundation-h265: 746d11721c4dcdbdad8f713fa42b33f4 -> 
  custom:CustomObjectIndexerAttribute: bc11b3a6c3213fcdd17b65e7da85e133 -> 
  custom:audio-encoder-webm-vorbis: bf7c407c2cedff20999df2af8eb42d56 -> 
  custom:framework-win-MediaFoundation: 216162199b28c13a410421893ffa2e32 -> 
  custom:SearchIndexIgnoredProperties: e643bd26f0fe6173181afceb89e7c659 -> 
  custom:container-demuxer-ogg: 62fdf1f143b41e24485cea50d1cbac27 -> 
  custom:video-decoder-webm-vp8: 9c59270c3fd7afecdb556c50c9e8de78 -> 
  custom:audio-decoder-ogg-vorbis: bf7c407c2cedff20999df2af8eb42d56 -> 
========================================================================
Received Prepare
Registering precompiled user dll's ...
Registered in 0.007206 seconds.
Begin MonoManager ReloadAssembly
Native extension for WindowsStandalone target not found
Refreshing native plugins compatible for Editor in 1.42 ms, found 3 plugins.
Preloading 0 native plugins for Editor in 0.00 ms.
[Package Manager] Server::EnsureServerProcessIsRunning -- launch failed, reason: Unity was launched with the -noUpm command-line argument
[Package Manager] Cannot connect to Unity Package Manager local server
Mono: successfully reloaded assembly
- Completed reload, in  2.019 seconds
Domain Reload Profiling:
	ReloadAssembly (2020ms)
		BeginReloadAssembly (196ms)
			ExecutionOrderSort (0ms)
			DisableScriptedObjects (7ms)
			BackupInstance (0ms)
			ReleaseScriptingObjects (0ms)
			CreateAndSetChildDomain (44ms)
		EndReloadAssembly (1653ms)
			LoadAssemblies (148ms)
			RebuildTransferFunctionScriptingTraits (0ms)
			SetupTypeCache (457ms)
			ReleaseScriptCaches (3ms)
			RebuildScriptCaches (70ms)
			SetupLoadedEditorAssemblies (938ms)
				LogAssemblyErrors (0ms)
				InitializePlatformSupportModulesInManaged (9ms)
				SetLoadedEditorAssemblies (1ms)
				RefreshPlugins (2ms)
				BeforeProcessingInitializeOnLoad (93ms)
				ProcessInitializeOnLoadAttributes (788ms)
				ProcessInitializeOnLoadMethodAttributes (37ms)
				AfterProcessingInitializeOnLoad (8ms)
				EditorAssembliesLoaded (0ms)
			ExecutionOrderSort2 (0ms)
			AwakeInstancesAfterBackupRestoration (10ms)
Platform modules already initialized, skipping
Refreshing native plugins compatible for Editor in 1.39 ms, found 3 plugins.
Preloading 0 native plugins for Editor in 0.00 ms.
Unloading 3064 Unused Serialized files (Serialized files now loaded: 0)
Unloading 18 unused Assets / (21.9 KB). Loaded Objects now: 3662.
Memory consumption went from 109.3 MB to 109.3 MB.
Total: 4.612600 ms (FindLiveObjects: 0.513700 ms CreateObjectMapping: 0.137300 ms MarkObjects: 3.904800 ms  DeleteObjects: 0.055000 ms)

AssetImportParameters requested are different than current active one (requested -> active):
  custom:video-decoder-ogg-theora: a1e56fd34408186e4bbccfd4996cb3dc -> 
  custom:container-muxer-webm: aa71ff27fc2769a1b78a27578f13a17b -> 
  custom:container-demuxer-webm: 4f35f7cbe854078d1ac9338744f61a02 -> 
  custom:video-encoder-webm-vp8: eb34c28f22e8b96e1ab97ce403110664 -> 
  custom:video-codec-MediaFoundation-h265: 746d11721c4dcdbdad8f713fa42b33f4 -> 
  custom:CustomObjectIndexerAttribute: bc11b3a6c3213fcdd17b65e7da85e133 -> 
  custom:audio-encoder-webm-vorbis: bf7c407c2cedff20999df2af8eb42d56 -> 
  custom:framework-win-MediaFoundation: 216162199b28c13a410421893ffa2e32 -> 
  custom:SearchIndexIgnoredProperties: e643bd26f0fe6173181afceb89e7c659 -> 
  custom:container-demuxer-ogg: 62fdf1f143b41e24485cea50d1cbac27 -> 
  custom:video-decoder-webm-vp8: 9c59270c3fd7afecdb556c50c9e8de78 -> 
  custom:audio-decoder-ogg-vorbis: bf7c407c2cedff20999df2af8eb42d56 -> 
========================================================================
Received Prepare
Registering precompiled user dll's ...
Registered in 0.008265 seconds.
Begin MonoManager ReloadAssembly
Native extension for WindowsStandalone target not found
Refreshing native plugins compatible for Editor in 0.75 ms, found 3 plugins.
Preloading 0 native plugins for Editor in 0.00 ms.
[Package Manager] Server::EnsureServerProcessIsRunning -- launch failed, reason: Unity was launched with the -noUpm command-line argument
[Package Manager] Cannot connect to Unity Package Manager local server
Mono: successfully reloaded assembly
- Completed reload, in  1.949 seconds
Domain Reload Profiling:
	ReloadAssembly (1950ms)
		BeginReloadAssembly (244ms)
			ExecutionOrderSort (0ms)
			DisableScriptedObjects (9ms)
			BackupInstance (0ms)
			ReleaseScriptingObjects (0ms)
			CreateAndSetChildDomain (57ms)
		EndReloadAssembly (1553ms)
			LoadAssemblies (159ms)
			RebuildTransferFunctionScriptingTraits (0ms)
			SetupTypeCache (447ms)
			ReleaseScriptCaches (3ms)
			RebuildScriptCaches (86ms)
			SetupLoadedEditorAssemblies (850ms)
				LogAssemblyErrors (0ms)
				InitializePlatformSupportModulesInManaged (8ms)
				SetLoadedEditorAssemblies (1ms)
				RefreshPlugins (1ms)
				BeforeProcessingInitializeOnLoad (83ms)
				ProcessInitializeOnLoadAttributes (722ms)
				ProcessInitializeOnLoadMethodAttributes (28ms)
				AfterProcessingInitializeOnLoad (7ms)
				EditorAssembliesLoaded (0ms)
			ExecutionOrderSort2 (0ms)
			AwakeInstancesAfterBackupRestoration (10ms)
Platform modules already initialized, skipping
Refreshing native plugins compatible for Editor in 0.62 ms, found 3 plugins.
Preloading 0 native plugins for Editor in 0.00 ms.
Unloading 3064 Unused Serialized files (Serialized files now loaded: 0)
Unloading 18 unused Assets / (21.9 KB). Loaded Objects now: 3665.
Memory consumption went from 109.3 MB to 109.3 MB.
Total: 3.578500 ms (FindLiveObjects: 0.493100 ms CreateObjectMapping: 0.219900 ms MarkObjects: 2.821600 ms  DeleteObjects: 0.041100 ms)

AssetImportParameters requested are different than current active one (requested -> active):
  custom:video-decoder-ogg-theora: a1e56fd34408186e4bbccfd4996cb3dc -> 
  custom:container-muxer-webm: aa71ff27fc2769a1b78a27578f13a17b -> 
  custom:container-demuxer-webm: 4f35f7cbe854078d1ac9338744f61a02 -> 
  custom:video-encoder-webm-vp8: eb34c28f22e8b96e1ab97ce403110664 -> 
  custom:video-codec-MediaFoundation-h265: 746d11721c4dcdbdad8f713fa42b33f4 -> 
  custom:CustomObjectIndexerAttribute: bc11b3a6c3213fcdd17b65e7da85e133 -> 
  custom:audio-encoder-webm-vorbis: bf7c407c2cedff20999df2af8eb42d56 -> 
  custom:framework-win-MediaFoundation: 216162199b28c13a410421893ffa2e32 -> 
  custom:SearchIndexIgnoredProperties: e643bd26f0fe6173181afceb89e7c659 -> 
  custom:container-demuxer-ogg: 62fdf1f143b41e24485cea50d1cbac27 -> 
  custom:video-decoder-webm-vp8: 9c59270c3fd7afecdb556c50c9e8de78 -> 
  custom:audio-decoder-ogg-vorbis: bf7c407c2cedff20999df2af8eb42d56 -> 
========================================================================
Received Prepare
Registering precompiled user dll's ...
Registered in 0.006967 seconds.
Begin MonoManager ReloadAssembly
Native extension for WindowsStandalone target not found
Refreshing native plugins compatible for Editor in 1.31 ms, found 3 plugins.
Preloading 0 native plugins for Editor in 0.00 ms.
[Package Manager] Server::EnsureServerProcessIsRunning -- launch failed, reason: Unity was launched with the -noUpm command-line argument
[Package Manager] Cannot connect to Unity Package Manager local server
Mono: successfully reloaded assembly
- Completed reload, in  2.365 seconds
Domain Reload Profiling:
	ReloadAssembly (2367ms)
		BeginReloadAssembly (261ms)
			ExecutionOrderSort (0ms)
			DisableScriptedObjects (9ms)
			BackupInstance (0ms)
			ReleaseScriptingObjects (0ms)
			CreateAndSetChildDomain (56ms)
		EndReloadAssembly (1935ms)
			LoadAssemblies (192ms)
			RebuildTransferFunctionScriptingTraits (0ms)
			SetupTypeCache (565ms)
			ReleaseScriptCaches (2ms)
			RebuildScriptCaches (81ms)
			SetupLoadedEditorAssemblies (1063ms)
				LogAssemblyErrors (0ms)
				InitializePlatformSupportModulesInManaged (10ms)
				SetLoadedEditorAssemblies (1ms)
				RefreshPlugins (2ms)
				BeforeProcessingInitializeOnLoad (107ms)
				ProcessInitializeOnLoadAttributes (889ms)
				ProcessInitializeOnLoadMethodAttributes (42ms)
				AfterProcessingInitializeOnLoad (12ms)
				EditorAssembliesLoaded (0ms)
			ExecutionOrderSort2 (0ms)
			AwakeInstancesAfterBackupRestoration (14ms)
Platform modules already initialized, skipping
Refreshing native plugins compatible for Editor in 1.21 ms, found 3 plugins.
Preloading 0 native plugins for Editor in 0.00 ms.
Unloading 3064 Unused Serialized files (Serialized files now loaded: 0)
Unloading 18 unused Assets / (21.9 KB). Loaded Objects now: 3668.
Memory consumption went from 109.3 MB to 109.3 MB.
Total: 6.595900 ms (FindLiveObjects: 0.745200 ms CreateObjectMapping: 0.373400 ms MarkObjects: 5.419800 ms  DeleteObjects: 0.055200 ms)

AssetImportParameters requested are different than current active one (requested -> active):
  custom:video-decoder-ogg-theora: a1e56fd34408186e4bbccfd4996cb3dc -> 
  custom:container-muxer-webm: aa71ff27fc2769a1b78a27578f13a17b -> 
  custom:container-demuxer-webm: 4f35f7cbe854078d1ac9338744f61a02 -> 
  custom:video-encoder-webm-vp8: eb34c28f22e8b96e1ab97ce403110664 -> 
  custom:video-codec-MediaFoundation-h265: 746d11721c4dcdbdad8f713fa42b33f4 -> 
  custom:CustomObjectIndexerAttribute: bc11b3a6c3213fcdd17b65e7da85e133 -> 
  custom:audio-encoder-webm-vorbis: bf7c407c2cedff20999df2af8eb42d56 -> 
  custom:framework-win-MediaFoundation: 216162199b28c13a410421893ffa2e32 -> 
  custom:SearchIndexIgnoredProperties: e643bd26f0fe6173181afceb89e7c659 -> 
  custom:container-demuxer-ogg: 62fdf1f143b41e24485cea50d1cbac27 -> 
  custom:video-decoder-webm-vp8: 9c59270c3fd7afecdb556c50c9e8de78 -> 
  custom:audio-decoder-ogg-vorbis: bf7c407c2cedff20999df2af8eb42d56 -> 
